b_block,b_pair,b_treat,dayscorab,b_dayscorab,miss_b_dayscorab,round2,round3
1,1,Treatment,7,4,0,0,0
1,1,Treatment,2,0,1,0,0
1,1,Treatment,3,2,0,0,0
1,1,Treatment,1,3,0,0,0
1,1,Treatment,7,7,0,0,0
1,1,Treatment,,7,0,0,0
1,1,Treatment,7,3,0,0,0
1,1,Treatment,3,7,0,0,0
1,1,Treatment,,3,0,0,0
1,1,Treatment,2,2,0,0,0
1,1,Treatment,,7,0,0,0
1,1,Treatment,4,3,0,0,0
1,1,Treatment,1,7,0,0,0
1,1,Treatment,3,3,0,0,0
1,1,Treatment,1,4,0,0,0
1,1,Treatment,,7,0,0,0
1,1,Treatment,7,7,0,0,0
1,1,Treatment,7,7,0,0,0
2,2,Treatment,4,3,0,0,0
2,2,Treatment,6,2,0,0,0
2,2,Treatment,,7,0,0,0
2,2,Treatment,3,2,0,0,0
2,2,Treatment,7,7,0,0,0
2,2,Treatment,4,4,0,0,0
2,2,Treatment,7,7,0,0,0
2,2,Treatment,2,0,1,0,0
2,2,Treatment,3,4,0,0,0
2,2,Treatment,1,0,1,0,0
2,2,Treatment,,5,0,0,0
2,2,Treatment,7,5,0,0,0
2,2,Treatment,,3,0,0,0
2,2,Treatment,7,7,0,0,0
2,2,Treatment,,4,0,0,0
2,2,Treatment,6,7,0,0,0
2,2,Treatment,,7,0,0,0
2,2,Treatment,2,2,0,0,0
2,2,Treatment,,0,1,0,0
2,2,Treatment,7,7,0,0,0
3,2,Control,7,7,0,0,0
3,2,Control,2,2,0,0,0
3,2,Control,7,7,0,0,0
3,2,Control,3,0,1,0,0
3,2,Control,,3,0,0,0
3,2,Control,,7,0,0,0
3,2,Control,,6,0,0,0
3,2,Control,7,4,0,0,0
3,2,Control,7,7,0,0,0
3,2,Control,,7,0,0,0
3,2,Control,4,7,0,0,0
3,2,Control,,7,0,0,0
3,2,Control,5,7,0,0,0
3,2,Control,3,4,0,0,0
3,2,Control,,7,0,0,0
3,2,Control,,4,0,0,0
3,2,Control,,7,0,0,0
3,2,Control,6,7,0,0,0
3,2,Control,2,7,0,0,0
3,2,Control,,7,0,0,0
3,2,Control,7,2,0,0,0
3,2,Control,2,2,0,0,0
4,3,Control,,4,0,0,0
4,3,Control,3,7,0,0,0
4,3,Control,,7,0,0,0
4,3,Control,,7,0,0,0
4,3,Control,,2,0,0,0
4,3,Control,3,4,0,0,0
4,3,Control,2,3,0,0,0
4,3,Control,3,3,0,0,0
4,3,Control,,4,0,0,0
4,3,Control,,7,0,0,0
4,3,Control,,5,0,0,0
4,3,Control,7,7,0,0,0
4,3,Control,,7,0,0,0
4,3,Control,3,7,0,0,0
4,3,Control,,0,1,0,0
4,3,Control,4,7,0,0,0
4,3,Control,,3,0,0,0
4,3,Control,,7,0,0,0
4,3,Control,,7,0,0,0
4,3,Control,4,3,0,0,0
5,11,Control,2,2,0,0,0
5,11,Control,3,7,0,0,0
5,11,Control,2,2,0,0,0
5,11,Control,1,2,0,0,0
5,11,Control,7,7,0,0,0
5,11,Control,3,5,0,0,0
5,11,Control,3,4,0,0,0
5,11,Control,,2,0,0,0
5,11,Control,3,0,1,0,0
5,11,Control,0,0,1,0,0
5,11,Control,,7,0,0,0
5,11,Control,6,7,0,0,0
5,11,Control,7,7,0,0,0
5,11,Control,,3,0,0,0
5,11,Control,7,3,0,0,0
5,11,Control,2,0,1,0,0
5,11,Control,3,6,0,0,0
5,11,Control,.r,6,0,0,0
5,11,Control,,7,0,0,0
6,7,Control,7,2,0,0,0
6,7,Control,.d,7,0,0,0
6,7,Control,4,6,0,0,0
6,7,Control,5,3,0,0,0
6,7,Control,7,4,0,0,0
6,7,Control,7,7,0,0,0
6,7,Control,2,7,0,0,0
6,7,Control,.d,0,1,0,0
6,7,Control,7,7,0,0,0
6,7,Control,5,7,0,0,0
6,7,Control,4,3,0,0,0
6,7,Control,,3,0,0,0
6,7,Control,7,7,0,0,0
6,7,Control,6,7,0,0,0
6,7,Control,7,7,0,0,0
6,7,Control,3,7,0,0,0
6,7,Control,2,3,0,0,0
6,7,Control,4,7,0,0,0
6,7,Control,7,7,0,0,0
6,7,Control,4,3,0,0,0
6,7,Control,7,7,0,0,0
6,7,Control,,3,0,0,0
6,7,Control,,0,1,0,0
6,7,Control,2,2,0,0,0
6,7,Control,.d,0,1,0,0
6,7,Control,3,0,1,0,0
6,7,Control,7,7,0,0,0
6,7,Control,,0,1,0,0
6,7,Control,3,3,0,0,0
6,7,Control,7,4,0,0,0
6,7,Control,7,7,0,0,0
7,7,Treatment,7,4,0,0,0
7,7,Treatment,,7,0,0,0
7,7,Treatment,7,3,0,0,0
7,7,Treatment,1,7,0,0,0
7,7,Treatment,4,7,0,0,0
7,7,Treatment,4,3,0,0,0
7,7,Treatment,.r,7,0,0,0
7,7,Treatment,3,7,0,0,0
7,7,Treatment,,0,1,0,0
7,7,Treatment,4,7,0,0,0
7,7,Treatment,3,7,0,0,0
7,7,Treatment,3,3,0,0,0
7,7,Treatment,6,6,0,0,0
7,7,Treatment,7,4,0,0,0
7,7,Treatment,5,7,0,0,0
8,8,Treatment,3,3,0,0,0
8,8,Treatment,0,2,0,0,0
8,8,Treatment,1,0,1,0,0
8,8,Treatment,2,4,0,0,0
8,8,Treatment,3,3,0,0,0
8,8,Treatment,,1,0,0,0
8,8,Treatment,4,0,1,0,0
8,8,Treatment,,7,0,0,0
8,8,Treatment,7,7,0,0,0
8,8,Treatment,7,2,0,0,0
8,8,Treatment,,7,0,0,0
8,8,Treatment,3,7,0,0,0
8,8,Treatment,4,7,0,0,0
8,8,Treatment,,0,1,0,0
8,8,Treatment,7,3,0,0,0
8,8,Treatment,.d,0,1,0,0
8,8,Treatment,7,3,0,0,0
9,10,Control,.d,3,0,0,0
9,10,Control,3,3,0,0,0
9,10,Control,3,3,0,0,0
9,10,Control,7,7,0,0,0
9,10,Control,7,6,0,0,0
9,10,Control,3,2,0,0,0
9,10,Control,7,6,0,0,0
9,10,Control,,7,0,0,0
9,10,Control,7,7,0,0,0
9,10,Control,,3,0,0,0
9,10,Control,3,7,0,0,0
9,10,Control,,0,1,0,0
9,10,Control,,7,0,0,0
9,10,Control,6,3,0,0,0
9,10,Control,4,7,0,0,0
9,10,Control,7,7,0,0,0
9,10,Control,,7,0,0,0
9,10,Control,,3,0,0,0
9,10,Control,,5,0,0,0
9,10,Control,,7,0,0,0
9,10,Control,3,2,0,0,0
11,8,Control,.r,7,0,0,0
11,8,Control,.d,3,0,0,0
11,8,Control,3,0,1,0,0
11,8,Control,3,3,0,0,0
11,8,Control,,3,0,0,0
11,8,Control,7,6,0,0,0
11,8,Control,,3,0,0,0
11,8,Control,.r,3,0,0,0
11,8,Control,,3,0,0,0
11,8,Control,6,7,0,0,0
11,8,Control,6,7,0,0,0
11,8,Control,,2,0,0,0
11,8,Control,7,2,0,0,0
11,8,Control,7,7,0,0,0
11,8,Control,7,3,0,0,0
11,8,Control,3,3,0,0,0
11,8,Control,.r,7,0,0,0
12,4,Treatment,7,7,0,0,0
12,4,Treatment,,7,0,0,0
12,4,Treatment,,2,0,0,0
12,4,Treatment,,7,0,0,0
12,4,Treatment,1,6,0,0,0
12,4,Treatment,,7,0,0,0
12,4,Treatment,4,4,0,0,0
12,4,Treatment,4,4,0,0,0
12,4,Treatment,,7,0,0,0
12,4,Treatment,7,7,0,0,0
12,4,Treatment,5,7,0,0,0
12,4,Treatment,5,7,0,0,0
13,11,Treatment,1,2,0,0,0
13,11,Treatment,3,3,0,0,0
13,11,Treatment,3,0,1,0,0
13,11,Treatment,0,0,1,0,0
13,11,Treatment,0,0,1,0,0
13,11,Treatment,4,7,0,0,0
13,11,Treatment,5,4,0,0,0
13,11,Treatment,3,3,0,0,0
13,11,Treatment,4,2,0,0,0
13,11,Treatment,3,3,0,0,0
13,11,Treatment,3,7,0,0,0
13,11,Treatment,3,6,0,0,0
13,11,Treatment,6,6,0,0,0
13,11,Treatment,,7,0,0,0
13,11,Treatment,7,3,0,0,0
13,11,Treatment,7,7,0,0,0
13,11,Treatment,7,4,0,0,0
13,11,Treatment,,3,0,0,0
13,11,Treatment,3,7,0,0,0
13,11,Treatment,7,2,0,0,0
13,11,Treatment,7,7,0,0,0
13,11,Treatment,7,7,0,0,0
13,11,Treatment,7,7,0,0,0
13,11,Treatment,7,7,0,0,0
15,10,Treatment,,0,1,0,0
15,10,Treatment,7,4,0,0,0
15,10,Treatment,.d,2,0,0,0
15,10,Treatment,3,2,0,0,0
15,10,Treatment,7,3,0,0,0
15,10,Treatment,3,5,0,0,0
15,10,Treatment,7,7,0,0,0
15,10,Treatment,.d,0,1,0,0
15,10,Treatment,7,7,0,0,0
15,10,Treatment,,0,1,0,0
15,10,Treatment,6,5,0,0,0
15,10,Treatment,0,5,0,0,0
15,10,Treatment,3,4,0,0,0
15,10,Treatment,7,2,0,0,0
15,10,Treatment,7,6,0,0,0
15,10,Treatment,.r,6,0,0,0
15,10,Treatment,0,2,0,0,0
15,10,Treatment,3,2,0,0,0
15,10,Treatment,.r,0,1,0,0
15,10,Treatment,7,7,0,0,0
15,10,Treatment,3,3,0,0,0
15,10,Treatment,4,3,0,0,0
15,10,Treatment,3,2,0,0,0
15,10,Treatment,3,3,0,0,0
15,10,Treatment,2,3,0,0,0
15,10,Treatment,6,3,0,0,0
15,10,Treatment,1,2,0,0,0
15,10,Treatment,.d,3,0,0,0
15,10,Treatment,2,3,0,0,0
15,10,Treatment,4,4,0,0,0
15,10,Treatment,3,2,0,0,0
15,10,Treatment,1,3,0,0,0
15,10,Treatment,7,7,0,0,0
15,10,Treatment,5,6,0,0,0
15,10,Treatment,5,0,1,0,0
15,10,Treatment,3,3,0,0,0
16,5,Treatment,3,7,0,0,0
16,5,Treatment,7,7,0,0,0
16,5,Treatment,6,7,0,0,0
16,5,Treatment,2,2,0,0,0
16,5,Treatment,1,7,0,0,0
16,5,Treatment,3,2,0,0,0
16,5,Treatment,3,2,0,0,0
16,5,Treatment,3,3,0,0,0
16,5,Treatment,3,3,0,0,0
16,5,Treatment,,3,0,0,0
16,5,Treatment,7,7,0,0,0
16,5,Treatment,3,4,0,0,0
16,5,Treatment,,0,1,0,0
16,5,Treatment,,3,0,0,0
16,5,Treatment,3,7,0,0,0
17,5,Control,7,7,0,0,0
17,5,Control,7,3,0,0,0
17,5,Control,7,3,0,0,0
17,5,Control,2,3,0,0,0
17,5,Control,4,3,0,0,0
17,5,Control,4,7,0,0,0
17,5,Control,,7,0,0,0
17,5,Control,7,3,0,0,0
17,5,Control,3,3,0,0,0
17,5,Control,3,3,0,0,0
18,1,Control,7,0,1,0,0
18,1,Control,7,7,0,0,0
18,1,Control,,3,0,0,0
18,1,Control,7,2,0,0,0
18,1,Control,6,3,0,0,0
18,1,Control,,2,0,0,0
18,1,Control,,3,0,0,0
18,1,Control,.r,2,0,0,0
18,1,Control,7,5,0,0,0
18,1,Control,4,2,0,0,0
18,1,Control,7,7,0,0,0
18,1,Control,7,7,0,0,0
18,1,Control,,7,0,0,0
18,1,Control,4,7,0,0,0
18,1,Control,1,0,1,0,0
18,1,Control,4,4,0,0,0
18,1,Control,4,7,0,0,0
18,1,Control,2,7,0,0,0
18,1,Control,3,3,0,0,0
18,1,Control,,3,0,0,0
18,1,Control,7,7,0,0,0
19,6,Treatment,,2,0,0,0
19,6,Treatment,6,3,0,0,0
19,6,Treatment,,3,0,0,0
19,6,Treatment,4,5,0,0,0
19,6,Treatment,,2,0,0,0
19,6,Treatment,6,7,0,0,0
19,6,Treatment,1,6,0,0,0
19,6,Treatment,1,1,0,0,0
19,6,Treatment,,7,0,0,0
19,6,Treatment,7,7,0,0,0
19,6,Treatment,,1,0,0,0
19,6,Treatment,,3,0,0,0
19,6,Treatment,4,3,0,0,0
19,6,Treatment,1,1,0,0,0
19,6,Treatment,,3,0,0,0
19,6,Treatment,,1,0,0,0
19,6,Treatment,,0,1,0,0
19,6,Treatment,2,3,0,0,0
19,6,Treatment,,3,0,0,0
19,6,Treatment,7,7,0,0,0
19,6,Treatment,5,3,0,0,0
19,6,Treatment,4,3,0,0,0
19,6,Treatment,,7,0,0,0
19,6,Treatment,,3,0,0,0
19,6,Treatment,2,3,0,0,0
19,6,Treatment,,2,0,0,0
19,6,Treatment,,7,0,0,0
20,4,Control,0,7,0,0,0
20,4,Control,4,7,0,0,0
20,4,Control,7,7,0,0,0
20,4,Control,2,7,0,0,0
20,4,Control,0,6,0,0,0
20,4,Control,4,7,0,0,0
20,4,Control,0,2,0,0,0
20,4,Control,7,3,0,0,0
20,4,Control,0,7,0,0,0
20,4,Control,7,2,0,0,0
20,4,Control,7,2,0,0,0
20,4,Control,0,7,0,0,0
20,4,Control,0,3,0,0,0
20,4,Control,5,7,0,0,0
20,4,Control,5,6,0,0,0
20,4,Control,7,7,0,0,0
20,4,Control,4,7,0,0,0
20,4,Control,,3,0,0,0
21,3,Treatment,4,2,0,0,0
21,3,Treatment,4,7,0,0,0
21,3,Treatment,3,3,0,0,0
21,3,Treatment,5,7,0,0,0
21,3,Treatment,,2,0,0,0
21,3,Treatment,,7,0,0,0
21,3,Treatment,1,1,0,0,0
21,3,Treatment,4,3,0,0,0
21,3,Treatment,,7,0,0,0
21,3,Treatment,2,3,0,0,0
21,3,Treatment,,2,0,0,0
21,3,Treatment,,7,0,0,0
21,3,Treatment,3,4,0,0,0
21,3,Treatment,2,2,0,0,0
21,3,Treatment,7,0,1,0,0
21,3,Treatment,,0,1,0,0
21,3,Treatment,,7,0,0,0
21,3,Treatment,,7,0,0,0
21,3,Treatment,,7,0,0,0
22,12,Treatment,4,6,0,0,0
22,12,Treatment,7,4,0,0,0
22,12,Treatment,.r,3,0,0,0
22,12,Treatment,7,7,0,0,0
22,12,Treatment,0,0,1,0,0
22,12,Treatment,3,3,0,0,0
22,12,Treatment,7,7,0,0,0
22,12,Treatment,4,3,0,0,0
22,12,Treatment,7,7,0,0,0
22,12,Treatment,2,1,0,0,0
22,12,Treatment,.r,5,0,0,0
22,12,Treatment,4,3,0,0,0
22,12,Treatment,,2,0,0,0
22,12,Treatment,,7,0,0,0
22,12,Treatment,7,7,0,0,0
22,12,Treatment,3,3,0,0,0
22,12,Treatment,.r,7,0,0,0
22,12,Treatment,7,3,0,0,0
22,12,Treatment,2,2,0,0,0
22,12,Treatment,,7,0,0,0
22,12,Treatment,,7,0,0,0
23,9,Control,7,2,0,0,0
23,9,Control,7,3,0,0,0
23,9,Control,,7,0,0,0
23,9,Control,3,7,0,0,0
23,9,Control,3,4,0,0,0
23,9,Control,7,7,0,0,0
23,9,Control,7,7,0,0,0
23,9,Control,7,7,0,0,0
23,9,Control,7,7,0,0,0
23,9,Control,2,0,1,0,0
23,9,Control,3,2,0,0,0
23,9,Control,7,7,0,0,0
23,9,Control,.d,2,0,0,0
23,9,Control,,2,0,0,0
23,9,Control,6,7,0,0,0
23,9,Control,7,7,0,0,0
24,12,Control,3,7,0,0,0
24,12,Control,7,7,0,0,0
24,12,Control,7,6,0,0,0
24,12,Control,3,3,0,0,0
24,12,Control,7,3,0,0,0
24,12,Control,3,3,0,0,0
24,12,Control,7,7,0,0,0
24,12,Control,.d,7,0,0,0
24,12,Control,0,0,1,0,0
24,12,Control,7,7,0,0,0
24,12,Control,7,7,0,0,0
24,12,Control,.r,7,0,0,0
24,12,Control,1,3,0,0,0
24,12,Control,7,4,0,0,0
24,12,Control,5,7,0,0,0
24,12,Control,7,7,0,0,0
24,12,Control,,3,0,0,0
25,6,Control,7,7,0,0,0
25,6,Control,2,7,0,0,0
25,6,Control,,3,0,0,0
25,6,Control,,3,0,0,0
25,6,Control,7,3,0,0,0
25,6,Control,3,3,0,0,0
25,6,Control,7,7,0,0,0
25,6,Control,,4,0,0,0
25,6,Control,3,3,0,0,0
25,6,Control,,3,0,0,0
26,9,Treatment,4,4,0,0,0
26,9,Treatment,7,7,0,0,0
26,9,Treatment,4,4,0,0,0
26,9,Treatment,,4,0,0,0
26,9,Treatment,0,3,0,0,0
26,9,Treatment,4,4,0,0,0
26,9,Treatment,3,3,0,0,0
26,9,Treatment,7,6,0,0,0
27,19,Treatment,7,7,0,0,0
27,19,Treatment,7,2,0,0,0
27,19,Treatment,,7,0,0,0
27,19,Treatment,7,7,0,0,0
27,19,Treatment,,7,0,0,0
27,19,Treatment,2,2,0,0,0
27,19,Treatment,7,7,0,0,0
27,19,Treatment,.r,7,0,0,0
27,19,Treatment,3,4,0,0,0
27,19,Treatment,7,7,0,0,0
27,19,Treatment,3,3,0,0,0
27,19,Treatment,7,7,0,0,0
27,19,Treatment,.r,7,0,0,0
27,19,Treatment,7,7,0,0,0
28,32,Treatment,7,3,0,0,0
28,32,Treatment,,7,0,0,0
28,32,Treatment,.d,3,0,0,0
28,32,Treatment,7,7,0,0,0
28,32,Treatment,7,7,0,0,0
28,32,Treatment,3,0,1,0,0
28,32,Treatment,7,7,0,0,0
28,32,Treatment,7,7,0,0,0
28,32,Treatment,7,7,0,0,0
28,32,Treatment,2,3,0,0,0
28,32,Treatment,7,4,0,0,0
28,32,Treatment,3,3,0,0,0
28,32,Treatment,2,2,0,0,0
28,32,Treatment,3,3,0,0,0
28,32,Treatment,.r,3,0,0,0
28,32,Treatment,7,7,0,0,0
28,32,Treatment,3,3,0,0,0
28,32,Treatment,7,6,0,0,0
28,32,Treatment,,3,0,0,0
29,15,Treatment,5,2,0,0,0
29,15,Treatment,,2,0,0,0
29,15,Treatment,7,3,0,0,0
29,15,Treatment,4,7,0,0,0
29,15,Treatment,7,5,0,0,0
29,15,Treatment,4,3,0,0,0
29,15,Treatment,4,7,0,0,0
29,15,Treatment,3,7,0,0,0
29,15,Treatment,6,0,1,0,0
29,15,Treatment,7,2,0,0,0
29,15,Treatment,3,7,0,0,0
29,15,Treatment,.r,7,0,0,0
29,15,Treatment,3,3,0,0,0
29,15,Treatment,7,7,0,0,0
29,15,Treatment,4,0,1,0,0
29,15,Treatment,4,0,1,0,0
29,15,Treatment,.r,7,0,0,0
29,15,Treatment,7,7,0,0,0
29,15,Treatment,.r,0,1,0,0
29,15,Treatment,7,4,0,0,0
29,15,Treatment,5,7,0,0,0
29,15,Treatment,4,3,0,0,0
29,15,Treatment,7,7,0,0,0
29,15,Treatment,6,7,0,0,0
29,15,Treatment,,7,0,0,0
30,18,Treatment,.r,7,0,0,0
30,18,Treatment,.d,3,0,0,0
30,18,Treatment,2,7,0,0,0
30,18,Treatment,.d,3,0,0,0
30,18,Treatment,4,4,0,0,0
30,18,Treatment,7,7,0,0,0
30,18,Treatment,7,7,0,0,0
30,18,Treatment,7,6,0,0,0
30,18,Treatment,7,7,0,0,0
30,18,Treatment,,7,0,0,0
30,18,Treatment,4,7,0,0,0
30,18,Treatment,7,7,0,0,0
30,18,Treatment,7,7,0,0,0
30,18,Treatment,5,6,0,0,0
30,18,Treatment,5,7,0,0,0
30,18,Treatment,7,0,1,0,0
30,18,Treatment,7,7,0,0,0
30,18,Treatment,3,3,0,0,0
30,18,Treatment,.r,7,0,0,0
30,18,Treatment,4,3,0,0,0
30,18,Treatment,1,1,0,0,0
30,18,Treatment,7,7,0,0,0
30,18,Treatment,7,4,0,0,0
30,18,Treatment,,7,0,0,0
31,18,Control,7,7,0,0,0
31,18,Control,2,2,0,0,0
31,18,Control,.r,7,0,0,0
31,18,Control,6,7,0,0,0
31,18,Control,.r,3,0,0,0
31,18,Control,.d,7,0,0,0
31,18,Control,.r,7,0,0,0
31,18,Control,7,6,0,0,0
31,18,Control,7,2,0,0,0
31,18,Control,,7,0,0,0
31,18,Control,7,7,0,0,0
31,18,Control,7,3,0,0,0
31,18,Control,7,6,0,0,0
31,18,Control,.r,7,0,0,0
31,18,Control,.r,2,0,0,0
31,18,Control,7,3,0,0,0
31,18,Control,7,7,0,0,0
31,18,Control,,5,0,0,0
31,18,Control,,5,0,0,0
31,18,Control,5,3,0,0,0
32,21,Treatment,7,7,0,0,0
32,21,Treatment,7,3,0,0,0
32,21,Treatment,7,6,0,0,0
32,21,Treatment,7,7,0,0,0
32,21,Treatment,,2,0,0,0
32,21,Treatment,.r,2,0,0,0
32,21,Treatment,5,7,0,0,0
32,21,Treatment,4,6,0,0,0
32,21,Treatment,7,7,0,0,0
32,21,Treatment,.r,6,0,0,0
32,21,Treatment,7,6,0,0,0
32,21,Treatment,3,7,0,0,0
32,21,Treatment,.d,4,0,0,0
32,21,Treatment,7,7,0,0,0
32,21,Treatment,3,4,0,0,0
32,21,Treatment,,7,0,0,0
33,34,Treatment,0,3,0,0,0
33,34,Treatment,3,3,0,0,0
33,34,Treatment,,3,0,0,0
33,34,Treatment,0,2,0,0,0
33,34,Treatment,1,0,1,0,0
33,34,Treatment,7,7,0,0,0
33,34,Treatment,7,7,0,0,0
33,34,Treatment,.r,7,0,0,0
33,34,Treatment,2,3,0,0,0
33,34,Treatment,7,7,0,0,0
33,34,Treatment,3,0,1,0,0
33,34,Treatment,7,6,0,0,0
33,34,Treatment,7,4,0,0,0
33,34,Treatment,7,2,0,0,0
33,34,Treatment,7,7,0,0,0
33,34,Treatment,7,7,0,0,0
34,23,Treatment,0,2,0,0,0
34,23,Treatment,3,3,0,0,0
34,23,Treatment,5,2,0,0,0
34,23,Treatment,2,3,0,0,0
34,23,Treatment,2,2,0,0,0
34,23,Treatment,6,7,0,0,0
34,23,Treatment,2,3,0,0,0
34,23,Treatment,7,7,0,0,0
34,23,Treatment,4,3,0,0,0
34,23,Treatment,3,2,0,0,0
34,23,Treatment,4,3,0,0,0
34,23,Treatment,3,6,0,0,0
34,23,Treatment,7,7,0,0,0
34,23,Treatment,7,7,0,0,0
34,23,Treatment,.d,7,0,0,0
34,23,Treatment,,2,0,0,0
34,23,Treatment,7,2,0,0,0
34,23,Treatment,3,4,0,0,0
36,34,Control,4,4,0,0,0
36,34,Control,2,3,0,0,0
36,34,Control,,2,0,0,0
36,34,Control,0,0,1,0,0
36,34,Control,7,7,0,0,0
36,34,Control,,7,0,0,0
36,34,Control,7,7,0,0,0
36,34,Control,7,4,0,0,0
36,34,Control,1,0,1,0,0
36,34,Control,,3,0,0,0
36,34,Control,7,7,0,0,0
37,27,Treatment,,0,1,0,0
37,27,Treatment,2,3,0,0,0
37,27,Treatment,7,6,0,0,0
37,27,Treatment,2,3,0,0,0
37,27,Treatment,7,7,0,0,0
37,27,Treatment,2,2,0,0,0
37,27,Treatment,,2,0,0,0
37,27,Treatment,7,4,0,0,0
37,27,Treatment,3,3,0,0,0
37,27,Treatment,7,7,0,0,0
37,27,Treatment,7,7,0,0,0
37,27,Treatment,0,3,0,0,0
37,27,Treatment,2,3,0,0,0
37,27,Treatment,1,0,1,0,0
37,27,Treatment,7,0,1,0,0
37,27,Treatment,7,7,0,0,0
37,27,Treatment,,0,1,0,0
37,27,Treatment,7,7,0,0,0
37,27,Treatment,7,6,0,0,0
38,19,Control,7,5,0,0,0
38,19,Control,7,7,0,0,0
38,19,Control,0,3,0,0,0
38,19,Control,.r,4,0,0,0
38,19,Control,7,7,0,0,0
38,19,Control,4,2,0,0,0
38,19,Control,.r,7,0,0,0
38,19,Control,.r,0,1,0,0
38,19,Control,7,7,0,0,0
38,19,Control,,7,0,0,0
38,19,Control,5,6,0,0,0
38,19,Control,7,7,0,0,0
38,19,Control,7,7,0,0,0
39,15,Control,7,7,0,0,0
39,15,Control,3,3,0,0,0
39,15,Control,3,0,1,0,0
39,15,Control,7,7,0,0,0
39,15,Control,7,3,0,0,0
39,15,Control,7,4,0,0,0
39,15,Control,7,7,0,0,0
39,15,Control,7,4,0,0,0
39,15,Control,4,7,0,0,0
39,15,Control,3,3,0,0,0
39,15,Control,7,7,0,0,0
39,15,Control,7,7,0,0,0
39,15,Control,,2,0,0,0
39,15,Control,7,7,0,0,0
39,15,Control,4,7,0,0,0
39,15,Control,4,3,0,0,0
39,15,Control,5,7,0,0,0
39,15,Control,7,7,0,0,0
39,15,Control,7,7,0,0,0
39,15,Control,7,5,0,0,0
39,15,Control,7,3,0,0,0
39,15,Control,7,7,0,0,0
39,15,Control,2,2,0,0,0
39,15,Control,7,7,0,0,0
40,23,Control,2,2,0,0,0
40,23,Control,,3,0,0,0
40,23,Control,6,7,0,0,0
40,23,Control,2,0,1,0,0
40,23,Control,7,7,0,0,0
40,23,Control,.r,4,0,0,0
40,23,Control,3,3,0,0,0
40,23,Control,,1,0,0,0
40,23,Control,2,2,0,0,0
40,23,Control,7,7,0,0,0
40,23,Control,4,0,1,0,0
40,23,Control,3,0,1,0,0
41,24,Treatment,7,4,0,0,0
41,24,Treatment,7,7,0,0,0
41,24,Treatment,4,6,0,0,0
41,24,Treatment,6,5,0,0,0
41,24,Treatment,3,4,0,0,0
41,24,Treatment,6,7,0,0,0
41,24,Treatment,.d,3,0,0,0
41,24,Treatment,.r,1,0,0,0
41,24,Treatment,,3,0,0,0
41,24,Treatment,.d,7,0,0,0
41,24,Treatment,.d,3,0,0,0
42,22,Treatment,7,3,0,0,0
42,22,Treatment,1,0,1,0,0
42,22,Treatment,5,7,0,0,0
42,22,Treatment,7,7,0,0,0
42,22,Treatment,.r,6,0,0,0
42,22,Treatment,3,0,1,0,0
42,22,Treatment,3,2,0,0,0
42,22,Treatment,2,2,0,0,0
42,22,Treatment,4,2,0,0,0
42,22,Treatment,7,6,0,0,0
42,22,Treatment,3,3,0,0,0
42,22,Treatment,,2,0,0,0
42,22,Treatment,0,2,0,0,0
42,22,Treatment,,3,0,0,0
42,22,Treatment,3,3,0,0,0
42,22,Treatment,,3,0,0,0
42,22,Treatment,.d,7,0,0,0
42,22,Treatment,7,3,0,0,0
43,25,Treatment,.d,7,0,0,0
43,25,Treatment,7,6,0,0,0
43,25,Treatment,2,0,1,0,0
43,25,Treatment,7,7,0,0,0
43,25,Treatment,6,5,0,0,0
43,25,Treatment,3,3,0,0,0
43,25,Treatment,7,7,0,0,0
43,25,Treatment,0,0,1,0,0
43,25,Treatment,7,7,0,0,0
43,25,Treatment,3,2,0,0,0
43,25,Treatment,7,0,1,0,0
43,25,Treatment,2,3,0,0,0
43,25,Treatment,7,3,0,0,0
43,25,Treatment,2,0,1,0,0
43,25,Treatment,3,3,0,0,0
44,28,Treatment,3,1,0,0,0
44,28,Treatment,.r,0,1,0,0
44,28,Treatment,7,5,0,0,0
44,28,Treatment,2,3,0,0,0
44,28,Treatment,.d,0,1,0,0
44,28,Treatment,7,7,0,0,0
44,28,Treatment,7,0,1,0,0
44,28,Treatment,3,3,0,0,0
44,28,Treatment,0,3,0,0,0
44,28,Treatment,7,7,0,0,0
44,28,Treatment,6,7,0,0,0
46,30,Treatment,7,7,0,0,0
46,30,Treatment,2,3,0,0,0
46,30,Treatment,1,2,0,0,0
46,30,Treatment,,4,0,0,0
46,30,Treatment,,2,0,0,0
46,30,Treatment,2,0,1,0,0
46,30,Treatment,3,4,0,0,0
46,30,Treatment,.r,4,0,0,0
46,30,Treatment,2,2,0,0,0
46,30,Treatment,2,0,1,0,0
46,30,Treatment,.r,6,0,0,0
46,30,Treatment,0,2,0,0,0
46,30,Treatment,,2,0,0,0
46,30,Treatment,1,2,0,0,0
46,30,Treatment,,3,0,0,0
46,30,Treatment,.r,2,0,0,0
46,30,Treatment,2,3,0,0,0
46,30,Treatment,4,5,0,0,0
46,30,Treatment,2,6,0,0,0
46,30,Treatment,7,7,0,0,0
49,30,Control,.r,0,1,0,0
49,30,Control,5,7,0,0,0
49,30,Control,,3,0,0,0
49,30,Control,7,0,1,0,0
49,30,Control,7,2,0,0,0
49,30,Control,2,3,0,0,0
49,30,Control,4,4,0,0,0
49,30,Control,3,2,0,0,0
49,30,Control,7,7,0,0,0
49,30,Control,,7,0,0,0
49,30,Control,6,7,0,0,0
49,30,Control,5,4,0,0,0
49,30,Control,6,0,1,0,0
49,30,Control,7,0,1,0,0
49,30,Control,,4,0,0,0
49,30,Control,2,2,0,0,0
49,30,Control,6,6,0,0,0
50,17,Control,,7,0,0,0
50,17,Control,2,0,1,0,0
50,17,Control,4,7,0,0,0
50,17,Control,7,7,0,0,0
50,17,Control,.r,5,0,0,0
50,17,Control,.r,7,0,0,0
50,17,Control,6,4,0,0,0
50,17,Control,6,7,0,0,0
50,17,Control,7,0,1,0,0
52,26,Treatment,2,0,1,0,0
52,26,Treatment,.r,3,0,0,0
52,26,Treatment,7,0,1,0,0
52,26,Treatment,1,0,1,0,0
52,26,Treatment,7,7,0,0,0
52,26,Treatment,,3,0,0,0
52,26,Treatment,3,0,1,0,0
52,26,Treatment,,3,0,0,0
52,26,Treatment,7,3,0,0,0
52,26,Treatment,.d,0,1,0,0
52,26,Treatment,6,3,0,0,0
52,26,Treatment,3,0,1,0,0
52,26,Treatment,2,2,0,0,0
52,26,Treatment,3,3,0,0,0
52,26,Treatment,7,7,0,0,0
53,27,Control,,3,0,0,0
53,27,Control,.d,7,0,0,0
53,27,Control,.d,5,0,0,0
53,27,Control,2,2,0,0,0
53,27,Control,2,2,0,0,0
53,27,Control,7,7,0,0,0
53,27,Control,7,7,0,0,0
53,27,Control,7,7,0,0,0
53,27,Control,.d,0,1,0,0
53,27,Control,3,3,0,0,0
53,27,Control,.d,5,0,0,0
53,27,Control,,7,0,0,0
53,27,Control,.r,7,0,0,0
53,27,Control,.r,7,0,0,0
53,27,Control,6,3,0,0,0
53,27,Control,2,0,1,0,0
53,27,Control,4,0,1,0,0
53,27,Control,,2,0,0,0
53,27,Control,2,0,1,0,0
53,27,Control,3,3,0,0,0
54,28,Control,3,5,0,0,0
54,28,Control,1,0,1,0,0
54,28,Control,2,2,0,0,0
54,28,Control,7,6,0,0,0
54,28,Control,5,4,0,0,0
54,28,Control,0,0,1,0,0
54,28,Control,.r,3,0,0,0
54,28,Control,5,7,0,0,0
54,28,Control,.r,7,0,0,0
54,28,Control,7,7,0,0,0
54,28,Control,4,3,0,0,0
54,28,Control,5,3,0,0,0
54,28,Control,5,7,0,0,0
54,28,Control,6,7,0,0,0
54,28,Control,4,2,0,0,0
54,28,Control,5,2,0,0,0
54,28,Control,0,0,1,0,0
54,28,Control,,2,0,0,0
54,28,Control,.r,3,0,0,0
54,28,Control,,3,0,0,0
54,28,Control,2,2,0,0,0
54,28,Control,2,4,0,0,0
55,21,Control,7,7,0,0,0
55,21,Control,.r,7,0,0,0
55,21,Control,7,1,0,0,0
55,21,Control,7,4,0,0,0
55,21,Control,.r,7,0,0,0
55,21,Control,,4,0,0,0
55,21,Control,3,4,0,0,0
55,21,Control,3,3,0,0,0
55,21,Control,7,7,0,0,0
55,21,Control,3,3,0,0,0
55,21,Control,6,7,0,0,0
55,21,Control,4,3,0,0,0
55,21,Control,4,7,0,0,0
55,21,Control,4,7,0,0,0
55,21,Control,6,6,0,0,0
55,21,Control,3,4,0,0,0
55,21,Control,7,6,0,0,0
55,21,Control,6,0,1,0,0
55,21,Control,7,7,0,0,0
55,21,Control,3,7,0,0,0
55,21,Control,.d,2,0,0,0
55,21,Control,,3,0,0,0
55,21,Control,.d,7,0,0,0
55,21,Control,5,7,0,0,0
55,21,Control,1,2,0,0,0
55,21,Control,0,0,1,0,0
56,14,Treatment,2,2,0,0,0
56,14,Treatment,3,5,0,0,0
56,14,Treatment,4,2,0,0,0
56,14,Treatment,1,0,1,0,0
56,14,Treatment,6,7,0,0,0
56,14,Treatment,.d,3,0,0,0
56,14,Treatment,3,4,0,0,0
56,14,Treatment,5,5,0,0,0
56,14,Treatment,7,7,0,0,0
56,14,Treatment,7,6,0,0,0
56,14,Treatment,3,3,0,0,0
56,14,Treatment,.r,3,0,0,0
56,14,Treatment,3,3,0,0,0
56,14,Treatment,7,7,0,0,0
56,14,Treatment,.d,6,0,0,0
56,14,Treatment,,3,0,0,0
56,14,Treatment,7,7,0,0,0
56,14,Treatment,.d,3,0,0,0
56,14,Treatment,.d,4,0,0,0
56,14,Treatment,4,3,0,0,0
56,14,Treatment,3,3,0,0,0
56,14,Treatment,4,7,0,0,0
56,14,Treatment,,0,1,0,0
56,14,Treatment,6,0,1,0,0
56,14,Treatment,.r,7,0,0,0
56,14,Treatment,7,7,0,0,0
57,16,Control,3,3,0,0,0
57,16,Control,7,7,0,0,0
57,16,Control,,3,0,0,0
57,16,Control,1,0,1,0,0
57,16,Control,7,7,0,0,0
57,16,Control,3,3,0,0,0
57,16,Control,7,7,0,0,0
57,16,Control,2,3,0,0,0
57,16,Control,7,7,0,0,0
57,16,Control,7,2,0,0,0
57,16,Control,5,0,1,0,0
57,16,Control,7,7,0,0,0
57,16,Control,7,7,0,0,0
57,16,Control,7,7,0,0,0
57,16,Control,7,7,0,0,0
57,16,Control,2,0,1,0,0
57,16,Control,3,0,1,0,0
57,16,Control,3,2,0,0,0
57,16,Control,,3,0,0,0
58,17,Treatment,3,3,0,0,0
58,17,Treatment,7,7,0,0,0
58,17,Treatment,7,7,0,0,0
58,17,Treatment,.r,7,0,0,0
58,17,Treatment,3,2,0,0,0
58,17,Treatment,2,0,1,0,0
58,17,Treatment,7,6,0,0,0
58,17,Treatment,7,3,0,0,0
58,17,Treatment,2,3,0,0,0
58,17,Treatment,,3,0,0,0
58,17,Treatment,7,0,1,0,0
58,17,Treatment,7,7,0,0,0
58,17,Treatment,6,5,0,0,0
58,17,Treatment,,6,0,0,0
59,14,Control,7,3,0,0,0
59,14,Control,.r,7,0,0,0
59,14,Control,.d,0,1,0,0
59,14,Control,5,4,0,0,0
59,14,Control,3,4,0,0,0
59,14,Control,4,7,0,0,0
59,14,Control,7,0,1,0,0
59,14,Control,3,3,0,0,0
59,14,Control,2,0,1,0,0
59,14,Control,4,3,0,0,0
59,14,Control,7,3,0,0,0
59,14,Control,0,3,0,0,0
59,14,Control,,7,0,0,0
59,14,Control,,3,0,0,0
59,14,Control,3,3,0,0,0
59,14,Control,2,2,0,0,0
59,14,Control,,3,0,0,0
59,14,Control,,2,0,0,0
59,14,Control,,7,0,0,0
60,34,Control,7,7,0,0,0
60,34,Control,3,4,0,0,0
60,34,Control,7,7,0,0,0
60,34,Control,,3,0,0,0
60,34,Control,.r,3,0,0,0
60,34,Control,,7,0,0,0
61,24,Control,2,2,0,0,0
61,24,Control,4,3,0,0,0
61,24,Control,2,3,0,0,0
61,24,Control,5,2,0,0,0
61,24,Control,2,2,0,0,0
61,24,Control,6,7,0,0,0
61,24,Control,.r,7,0,0,0
61,24,Control,,7,0,0,0
61,24,Control,7,7,0,0,0
61,24,Control,,3,0,0,0
61,24,Control,3,3,0,0,0
61,24,Control,3,3,0,0,0
61,24,Control,7,7,0,0,0
61,24,Control,2,2,0,0,0
61,24,Control,1,2,0,0,0
61,24,Control,,0,1,0,0
61,24,Control,,7,0,0,0
61,24,Control,2,0,1,0,0
61,24,Control,7,7,0,0,0
62,32,Control,.r,7,0,0,0
62,32,Control,.r,7,0,0,0
62,32,Control,7,2,0,0,0
62,32,Control,7,4,0,0,0
62,32,Control,6,7,0,0,0
62,32,Control,.r,2,0,0,0
62,32,Control,6,7,0,0,0
62,32,Control,.d,7,0,0,0
62,32,Control,,4,0,0,0
62,32,Control,5,0,1,0,0
62,32,Control,5,7,0,0,0
62,32,Control,6,0,1,0,0
62,32,Control,.r,3,0,0,0
62,32,Control,.r,7,0,0,0
62,32,Control,.r,2,0,0,0
62,32,Control,5,3,0,0,0
62,32,Control,7,3,0,0,0
62,32,Control,.r,3,0,0,0
62,32,Control,4,2,0,0,0
63,26,Control,.d,4,0,0,0
63,26,Control,,3,0,0,0
63,26,Control,.r,7,0,0,0
63,26,Control,3,7,0,0,0
63,26,Control,7,7,0,0,0
63,26,Control,.r,0,1,0,0
63,26,Control,3,2,0,0,0
63,26,Control,7,7,0,0,0
63,26,Control,.r,6,0,0,0
63,26,Control,4,0,1,0,0
63,26,Control,2,3,0,0,0
63,26,Control,7,3,0,0,0
63,26,Control,7,7,0,0,0
63,26,Control,1,3,0,0,0
63,26,Control,3,3,0,0,0
63,26,Control,7,7,0,0,0
63,26,Control,7,7,0,0,0
63,26,Control,1,0,1,0,0
63,26,Control,3,3,0,0,0
64,25,Control,7,7,0,0,0
64,25,Control,2,3,0,0,0
64,25,Control,4,0,1,0,0
64,25,Control,5,2,0,0,0
64,25,Control,.r,7,0,0,0
64,25,Control,,7,0,0,0
64,25,Control,7,7,0,0,0
64,25,Control,4,2,0,0,0
64,25,Control,,0,1,0,0
64,25,Control,7,3,0,0,0
64,25,Control,7,7,0,0,0
64,25,Control,.r,4,0,0,0
64,25,Control,,3,0,0,0
64,25,Control,2,1,0,0,0
64,25,Control,,0,1,0,0
64,25,Control,7,3,0,0,0
64,25,Control,,0,1,0,0
64,25,Control,3,6,0,0,0
65,20,Control,2,7,0,0,0
65,20,Control,.r,7,0,0,0
65,20,Control,7,0,1,0,0
65,20,Control,7,7,0,0,0
65,20,Control,3,3,0,0,0
65,20,Control,5,7,0,0,0
65,20,Control,7,7,0,0,0
65,20,Control,7,6,0,0,0
65,20,Control,,1,0,0,0
65,20,Control,,3,0,0,0
67,33,Treatment,.r,2,0,0,0
67,33,Treatment,2,2,0,0,0
67,33,Treatment,7,7,0,0,0
67,33,Treatment,1,2,0,0,0
67,33,Treatment,.r,2,0,0,0
67,33,Treatment,,0,1,0,0
67,33,Treatment,6,7,0,0,0
67,33,Treatment,.r,0,1,0,0
67,33,Treatment,2,2,0,0,0
67,33,Treatment,4,3,0,0,0
67,33,Treatment,,3,0,0,0
67,33,Treatment,7,7,0,0,0
67,33,Treatment,7,6,0,0,0
67,33,Treatment,2,0,1,0,0
67,33,Treatment,4,2,0,0,0
67,33,Treatment,,4,0,0,0
67,33,Treatment,3,0,1,0,0
67,33,Treatment,,2,0,0,0
67,33,Treatment,4,4,0,0,0
69,16,Treatment,2,3,0,0,0
69,16,Treatment,6,4,0,0,0
69,16,Treatment,5,2,0,0,0
69,16,Treatment,.r,0,1,0,0
69,16,Treatment,,0,1,0,0
69,16,Treatment,.r,7,0,0,0
69,16,Treatment,7,7,0,0,0
69,16,Treatment,7,7,0,0,0
69,16,Treatment,2,0,1,0,0
69,16,Treatment,7,7,0,0,0
69,16,Treatment,5,7,0,0,0
69,16,Treatment,3,2,0,0,0
69,16,Treatment,6,7,0,0,0
69,16,Treatment,.r,0,1,0,0
69,16,Treatment,7,7,0,0,0
69,16,Treatment,3,6,0,0,0
69,16,Treatment,7,6,0,0,0
69,16,Treatment,7,7,0,0,0
69,16,Treatment,.r,3,0,0,0
69,16,Treatment,7,7,0,0,0
69,16,Treatment,3,2,0,0,0
69,16,Treatment,5,7,0,0,0
71,33,Treatment,7,3,0,0,0
71,33,Treatment,.d,3,0,0,0
71,33,Treatment,3,3,0,0,0
71,33,Treatment,2,0,1,0,0
71,33,Treatment,3,7,0,0,0
71,33,Treatment,5,3,0,0,0
71,33,Treatment,4,7,0,0,0
71,33,Treatment,3,3,0,0,0
71,33,Treatment,4,4,0,0,0
71,33,Treatment,7,0,1,0,0
71,33,Treatment,7,2,0,0,0
71,33,Treatment,4,3,0,0,0
71,33,Treatment,3,0,1,0,0
71,33,Treatment,5,4,0,0,0
71,33,Treatment,2,2,0,0,0
71,33,Treatment,2,2,0,0,0
71,33,Treatment,7,2,0,0,0
71,33,Treatment,5,7,0,0,0
71,33,Treatment,0,4,0,0,0
71,33,Treatment,4,2,0,0,0
71,33,Treatment,,0,1,0,0
71,33,Treatment,3,0,1,0,0
72,20,Treatment,7,4,0,0,0
72,20,Treatment,7,2,0,0,0
72,20,Treatment,.r,7,0,0,0
72,20,Treatment,7,4,0,0,0
72,20,Treatment,3,5,0,0,0
72,20,Treatment,7,7,0,0,0
72,20,Treatment,1,0,1,0,0
72,20,Treatment,7,6,0,0,0
72,20,Treatment,1,3,0,0,0
72,20,Treatment,2,1,0,0,0
73,22,Control,.r,7,0,0,0
73,22,Control,7,0,1,0,0
73,22,Control,7,7,0,0,0
73,22,Control,3,2,0,0,0
73,22,Control,7,7,0,0,0
73,22,Control,4,4,0,0,0
73,22,Control,.r,3,0,0,0
73,22,Control,3,4,0,0,0
73,22,Control,1,3,0,0,0
73,22,Control,3,3,0,0,0
73,22,Control,,7,0,0,0
1,1,Treatment,2,4,0,1,0
1,1,Treatment,2,4,0,0,1
1,1,Treatment,1,0,1,1,0
1,1,Treatment,3,0,1,0,1
1,1,Treatment,5,2,0,1,0
1,1,Treatment,5,2,0,0,1
1,1,Treatment,5,3,0,1,0
1,1,Treatment,.d,3,0,0,1
1,1,Treatment,,7,0,1,0
1,1,Treatment,7,7,0,0,1
1,1,Treatment,,7,0,1,0
1,1,Treatment,.d,7,0,0,1
1,1,Treatment,6,3,0,1,0
1,1,Treatment,7,3,0,0,1
1,1,Treatment,4,7,0,1,0
1,1,Treatment,6,7,0,0,1
1,1,Treatment,3,3,0,1,0
1,1,Treatment,.r,3,0,0,1
1,1,Treatment,3,2,0,1,0
1,1,Treatment,.d,2,0,0,1
1,1,Treatment,,7,0,1,0
1,1,Treatment,,7,0,0,1
1,1,Treatment,,3,0,1,0
1,1,Treatment,3,3,0,0,1
1,1,Treatment,2,7,0,1,0
1,1,Treatment,2,7,0,0,1
1,1,Treatment,4,3,0,1,0
1,1,Treatment,2,3,0,0,1
1,1,Treatment,1,4,0,1,0
1,1,Treatment,2,4,0,0,1
1,1,Treatment,,7,0,1,0
1,1,Treatment,,7,0,0,1
1,1,Treatment,,7,0,1,0
1,1,Treatment,2,7,0,0,1
1,1,Treatment,,7,0,1,0
1,1,Treatment,,7,0,0,1
2,2,Treatment,0,3,0,1,0
2,2,Treatment,4,3,0,0,1
2,2,Treatment,1,2,0,1,0
2,2,Treatment,,2,0,0,1
2,2,Treatment,5,7,0,1,0
2,2,Treatment,7,7,0,0,1
2,2,Treatment,2,2,0,1,0
2,2,Treatment,2,2,0,0,1
2,2,Treatment,7,7,0,1,0
2,2,Treatment,2,7,0,0,1
2,2,Treatment,0,4,0,1,0
2,2,Treatment,,4,0,0,1
2,2,Treatment,0,7,0,1,0
2,2,Treatment,,7,0,0,1
2,2,Treatment,1,0,1,1,0
2,2,Treatment,1,0,1,0,1
2,2,Treatment,5,4,0,1,0
2,2,Treatment,,4,0,0,1
2,2,Treatment,2,0,1,1,0
2,2,Treatment,1,0,1,0,1
2,2,Treatment,3,5,0,1,0
2,2,Treatment,7,5,0,0,1
2,2,Treatment,7,5,0,1,0
2,2,Treatment,7,5,0,0,1
2,2,Treatment,,3,0,1,0
2,2,Treatment,7,3,0,0,1
2,2,Treatment,4,7,0,1,0
2,2,Treatment,3,7,0,0,1
2,2,Treatment,,4,0,1,0
2,2,Treatment,,4,0,0,1
2,2,Treatment,,7,0,1,0
2,2,Treatment,4,7,0,0,1
2,2,Treatment,4,7,0,1,0
2,2,Treatment,,7,0,0,1
2,2,Treatment,4,2,0,1,0
2,2,Treatment,2,2,0,0,1
2,2,Treatment,,0,1,1,0
2,2,Treatment,,0,1,0,1
2,2,Treatment,4,7,0,1,0
2,2,Treatment,7,7,0,0,1
3,2,Control,7,7,0,1,0
3,2,Control,,7,0,0,1
3,2,Control,5,2,0,1,0
3,2,Control,,2,0,0,1
3,2,Control,7,7,0,1,0
3,2,Control,,7,0,0,1
3,2,Control,2,0,1,1,0
3,2,Control,3,0,1,0,1
3,2,Control,,3,0,1,0
3,2,Control,5,3,0,0,1
3,2,Control,,7,0,1,0
3,2,Control,,7,0,0,1
3,2,Control,7,6,0,1,0
3,2,Control,,6,0,0,1
3,2,Control,5,4,0,1,0
3,2,Control,5,4,0,0,1
3,2,Control,4,7,0,1,0
3,2,Control,,7,0,0,1
3,2,Control,,7,0,1,0
3,2,Control,,7,0,0,1
3,2,Control,,7,0,1,0
3,2,Control,,7,0,0,1
3,2,Control,,7,0,1,0
3,2,Control,,7,0,0,1
3,2,Control,7,7,0,1,0
3,2,Control,7,7,0,0,1
3,2,Control,3,4,0,1,0
3,2,Control,2,4,0,0,1
3,2,Control,7,7,0,1,0
3,2,Control,,7,0,0,1
3,2,Control,,4,0,1,0
3,2,Control,,4,0,0,1
3,2,Control,6,7,0,1,0
3,2,Control,,7,0,0,1
3,2,Control,,7,0,1,0
3,2,Control,,7,0,0,1
3,2,Control,3,7,0,1,0
3,2,Control,7,7,0,0,1
3,2,Control,7,7,0,1,0
3,2,Control,7,7,0,0,1
3,2,Control,5,2,0,1,0
3,2,Control,7,2,0,0,1
3,2,Control,7,2,0,1,0
3,2,Control,3,2,0,0,1
4,3,Control,3,4,0,1,0
4,3,Control,,4,0,0,1
4,3,Control,3,7,0,1,0
4,3,Control,,7,0,0,1
4,3,Control,7,7,0,1,0
4,3,Control,6,7,0,0,1
4,3,Control,,7,0,1,0
4,3,Control,,7,0,0,1
4,3,Control,2,2,0,1,0
4,3,Control,2,2,0,0,1
4,3,Control,3,4,0,1,0
4,3,Control,,4,0,0,1
4,3,Control,2,3,0,1,0
4,3,Control,2,3,0,0,1
4,3,Control,3,3,0,1,0
4,3,Control,7,3,0,0,1
4,3,Control,,4,0,1,0
4,3,Control,4,4,0,0,1
4,3,Control,7,7,0,1,0
4,3,Control,,7,0,0,1
4,3,Control,,5,0,1,0
4,3,Control,,5,0,0,1
4,3,Control,,7,0,1,0
4,3,Control,7,7,0,0,1
4,3,Control,7,7,0,1,0
4,3,Control,7,7,0,0,1
4,3,Control,,7,0,1,0
4,3,Control,,7,0,0,1
4,3,Control,1,0,1,1,0
4,3,Control,,0,1,0,1
4,3,Control,7,7,0,1,0
4,3,Control,7,7,0,0,1
4,3,Control,,3,0,1,0
4,3,Control,3,3,0,0,1
4,3,Control,,7,0,1,0
4,3,Control,,7,0,0,1
4,3,Control,7,7,0,1,0
4,3,Control,3,7,0,0,1
4,3,Control,7,3,0,1,0
4,3,Control,5,3,0,0,1
5,11,Control,4,2,0,1,0
5,11,Control,,2,0,0,1
5,11,Control,3,7,0,1,0
5,11,Control,3,7,0,0,1
5,11,Control,5,2,0,1,0
5,11,Control,4,2,0,0,1
5,11,Control,2,2,0,1,0
5,11,Control,,2,0,0,1
5,11,Control,7,7,0,1,0
5,11,Control,7,7,0,0,1
5,11,Control,4,5,0,1,0
5,11,Control,0,5,0,0,1
5,11,Control,5,4,0,1,0
5,11,Control,3,4,0,0,1
5,11,Control,3,2,0,1,0
5,11,Control,7,2,0,0,1
5,11,Control,4,0,1,1,0
5,11,Control,.r,0,1,0,1
5,11,Control,1,0,1,1,0
5,11,Control,,0,1,0,1
5,11,Control,7,7,0,1,0
5,11,Control,,7,0,0,1
5,11,Control,4,7,0,1,0
5,11,Control,4,7,0,0,1
5,11,Control,7,7,0,1,0
5,11,Control,7,7,0,0,1
5,11,Control,,3,0,1,0
5,11,Control,,3,0,0,1
5,11,Control,7,3,0,1,0
5,11,Control,7,3,0,0,1
5,11,Control,5,0,1,1,0
5,11,Control,7,0,1,0,1
5,11,Control,4,6,0,1,0
5,11,Control,4,6,0,0,1
5,11,Control,4,6,0,1,0
5,11,Control,3,6,0,0,1
5,11,Control,,7,0,1,0
5,11,Control,,7,0,0,1
6,7,Control,7,2,0,1,0
6,7,Control,7,2,0,0,1
6,7,Control,,7,0,1,0
6,7,Control,7,7,0,0,1
6,7,Control,2,6,0,1,0
6,7,Control,3,6,0,0,1
6,7,Control,,3,0,1,0
6,7,Control,1,3,0,0,1
6,7,Control,5,4,0,1,0
6,7,Control,4,4,0,0,1
6,7,Control,7,7,0,1,0
6,7,Control,7,7,0,0,1
6,7,Control,3,7,0,1,0
6,7,Control,1,7,0,0,1
6,7,Control,2,0,1,1,0
6,7,Control,2,0,1,0,1
6,7,Control,4,7,0,1,0
6,7,Control,,7,0,0,1
6,7,Control,7,7,0,1,0
6,7,Control,5,7,0,0,1
6,7,Control,4,3,0,1,0
6,7,Control,.r,3,0,0,1
6,7,Control,4,3,0,1,0
6,7,Control,2,3,0,0,1
6,7,Control,7,7,0,1,0
6,7,Control,6,7,0,0,1
6,7,Control,.d,7,0,1,0
6,7,Control,6,7,0,0,1
6,7,Control,5,7,0,1,0
6,7,Control,3,7,0,0,1
6,7,Control,4,7,0,1,0
6,7,Control,3,7,0,0,1
6,7,Control,.r,3,0,1,0
6,7,Control,.r,3,0,0,1
6,7,Control,3,7,0,1,0
6,7,Control,,7,0,0,1
6,7,Control,7,7,0,1,0
6,7,Control,1,7,0,0,1
6,7,Control,2,3,0,1,0
6,7,Control,5,3,0,0,1
6,7,Control,7,7,0,1,0
6,7,Control,7,7,0,0,1
6,7,Control,3,3,0,1,0
6,7,Control,4,3,0,0,1
6,7,Control,,0,1,1,0
6,7,Control,,0,1,0,1
6,7,Control,2,2,0,1,0
6,7,Control,2,2,0,0,1
6,7,Control,.d,0,1,1,0
6,7,Control,3,0,1,0,1
6,7,Control,,0,1,1,0
6,7,Control,1,0,1,0,1
6,7,Control,7,7,0,1,0
6,7,Control,.r,7,0,0,1
6,7,Control,2,0,1,1,0
6,7,Control,2,0,1,0,1
6,7,Control,4,3,0,1,0
6,7,Control,3,3,0,0,1
6,7,Control,3,4,0,1,0
6,7,Control,.r,4,0,0,1
6,7,Control,7,7,0,1,0
6,7,Control,7,7,0,0,1
7,7,Treatment,7,4,0,1,0
7,7,Treatment,5,4,0,0,1
7,7,Treatment,7,7,0,1,0
7,7,Treatment,7,7,0,0,1
7,7,Treatment,,3,0,1,0
7,7,Treatment,,3,0,0,1
7,7,Treatment,0,7,0,1,0
7,7,Treatment,,7,0,0,1
7,7,Treatment,3,7,0,1,0
7,7,Treatment,.r,7,0,0,1
7,7,Treatment,2,3,0,1,0
7,7,Treatment,4,3,0,0,1
7,7,Treatment,.r,7,0,1,0
7,7,Treatment,7,7,0,0,1
7,7,Treatment,7,7,0,1,0
7,7,Treatment,.r,7,0,0,1
7,7,Treatment,,0,1,1,0
7,7,Treatment,,0,1,0,1
7,7,Treatment,7,7,0,1,0
7,7,Treatment,,7,0,0,1
7,7,Treatment,6,7,0,1,0
7,7,Treatment,.d,7,0,0,1
7,7,Treatment,7,3,0,1,0
7,7,Treatment,7,3,0,0,1
7,7,Treatment,7,6,0,1,0
7,7,Treatment,6,6,0,0,1
7,7,Treatment,4,4,0,1,0
7,7,Treatment,3,4,0,0,1
7,7,Treatment,6,7,0,1,0
7,7,Treatment,5,7,0,0,1
8,8,Treatment,4,3,0,1,0
8,8,Treatment,4,3,0,0,1
8,8,Treatment,0,2,0,1,0
8,8,Treatment,,2,0,0,1
8,8,Treatment,,0,1,1,0
8,8,Treatment,0,0,1,0,1
8,8,Treatment,5,4,0,1,0
8,8,Treatment,0,4,0,0,1
8,8,Treatment,7,3,0,1,0
8,8,Treatment,1,3,0,0,1
8,8,Treatment,3,1,0,1,0
8,8,Treatment,2,1,0,0,1
8,8,Treatment,2,0,1,1,0
8,8,Treatment,2,0,1,0,1
8,8,Treatment,6,7,0,1,0
8,8,Treatment,7,7,0,0,1
8,8,Treatment,6,7,0,1,0
8,8,Treatment,.r,7,0,0,1
8,8,Treatment,.d,2,0,1,0
8,8,Treatment,7,2,0,0,1
8,8,Treatment,7,7,0,1,0
8,8,Treatment,7,7,0,0,1
8,8,Treatment,,7,0,1,0
8,8,Treatment,7,7,0,0,1
8,8,Treatment,7,7,0,1,0
8,8,Treatment,,7,0,0,1
8,8,Treatment,,0,1,1,0
8,8,Treatment,,0,1,0,1
8,8,Treatment,5,3,0,1,0
8,8,Treatment,.d,3,0,0,1
8,8,Treatment,0,0,1,1,0
8,8,Treatment,0,0,1,0,1
8,8,Treatment,7,3,0,1,0
8,8,Treatment,7,3,0,0,1
9,10,Control,7,3,0,1,0
9,10,Control,3,3,0,0,1
9,10,Control,3,3,0,1,0
9,10,Control,2,3,0,0,1
9,10,Control,3,3,0,1,0
9,10,Control,5,3,0,0,1
9,10,Control,4,7,0,1,0
9,10,Control,2,7,0,0,1
9,10,Control,2,6,0,1,0
9,10,Control,7,6,0,0,1
9,10,Control,4,2,0,1,0
9,10,Control,.r,2,0,0,1
9,10,Control,7,6,0,1,0
9,10,Control,7,6,0,0,1
9,10,Control,7,7,0,1,0
9,10,Control,7,7,0,0,1
9,10,Control,.r,7,0,1,0
9,10,Control,7,7,0,0,1
9,10,Control,7,3,0,1,0
9,10,Control,7,3,0,0,1
9,10,Control,4,7,0,1,0
9,10,Control,3,7,0,0,1
9,10,Control,,0,1,1,0
9,10,Control,,0,1,0,1
9,10,Control,,7,0,1,0
9,10,Control,3,7,0,0,1
9,10,Control,6,3,0,1,0
9,10,Control,5,3,0,0,1
9,10,Control,.r,7,0,1,0
9,10,Control,.r,7,0,0,1
9,10,Control,7,7,0,1,0
9,10,Control,7,7,0,0,1
9,10,Control,7,7,0,1,0
9,10,Control,3,7,0,0,1
9,10,Control,7,3,0,1,0
9,10,Control,1,3,0,0,1
9,10,Control,,5,0,1,0
9,10,Control,,5,0,0,1
9,10,Control,,7,0,1,0
9,10,Control,,7,0,0,1
9,10,Control,7,2,0,1,0
9,10,Control,,2,0,0,1
11,8,Control,.r,7,0,1,0
11,8,Control,2,7,0,0,1
11,8,Control,.r,3,0,1,0
11,8,Control,.d,3,0,0,1
11,8,Control,5,0,1,1,0
11,8,Control,3,0,1,0,1
11,8,Control,7,3,0,1,0
11,8,Control,0,3,0,0,1
11,8,Control,,3,0,1,0
11,8,Control,,3,0,0,1
11,8,Control,7,6,0,1,0
11,8,Control,.d,6,0,0,1
11,8,Control,7,3,0,1,0
11,8,Control,.d,3,0,0,1
11,8,Control,4,3,0,1,0
11,8,Control,.r,3,0,0,1
11,8,Control,,3,0,1,0
11,8,Control,,3,0,0,1
11,8,Control,7,7,0,1,0
11,8,Control,7,7,0,0,1
11,8,Control,7,7,0,1,0
11,8,Control,5,7,0,0,1
11,8,Control,,2,0,1,0
11,8,Control,,2,0,0,1
11,8,Control,3,2,0,1,0
11,8,Control,2,2,0,0,1
11,8,Control,7,7,0,1,0
11,8,Control,7,7,0,0,1
11,8,Control,7,3,0,1,0
11,8,Control,4,3,0,0,1
11,8,Control,,3,0,1,0
11,8,Control,,3,0,0,1
11,8,Control,7,7,0,1,0
11,8,Control,5,7,0,0,1
12,4,Treatment,,7,0,1,0
12,4,Treatment,,7,0,0,1
12,4,Treatment,7,7,0,1,0
12,4,Treatment,7,7,0,0,1
12,4,Treatment,,2,0,1,0
12,4,Treatment,,2,0,0,1
12,4,Treatment,7,7,0,1,0
12,4,Treatment,.d,7,0,0,1
12,4,Treatment,,6,0,1,0
12,4,Treatment,.r,6,0,0,1
12,4,Treatment,,7,0,1,0
12,4,Treatment,7,7,0,0,1
12,4,Treatment,4,4,0,1,0
12,4,Treatment,1,4,0,0,1
12,4,Treatment,4,4,0,1,0
12,4,Treatment,,4,0,0,1
12,4,Treatment,7,7,0,1,0
12,4,Treatment,7,7,0,0,1
12,4,Treatment,7,7,0,1,0
12,4,Treatment,,7,0,0,1
12,4,Treatment,2,7,0,1,0
12,4,Treatment,2,7,0,0,1
12,4,Treatment,7,7,0,1,0
12,4,Treatment,.r,7,0,0,1
13,11,Treatment,0,2,0,1,0
13,11,Treatment,4,2,0,0,1
13,11,Treatment,5,3,0,1,0
13,11,Treatment,,3,0,0,1
13,11,Treatment,,0,1,1,0
13,11,Treatment,0,0,1,0,1
13,11,Treatment,0,0,1,1,0
13,11,Treatment,0,0,1,0,1
13,11,Treatment,7,0,1,1,0
13,11,Treatment,0,0,1,0,1
13,11,Treatment,7,7,0,1,0
13,11,Treatment,,7,0,0,1
13,11,Treatment,4,4,0,1,0
13,11,Treatment,5,4,0,0,1
13,11,Treatment,,3,0,1,0
13,11,Treatment,4,3,0,0,1
13,11,Treatment,7,2,0,1,0
13,11,Treatment,2,2,0,0,1
13,11,Treatment,7,3,0,1,0
13,11,Treatment,3,3,0,0,1
13,11,Treatment,7,7,0,1,0
13,11,Treatment,7,7,0,0,1
13,11,Treatment,7,6,0,1,0
13,11,Treatment,3,6,0,0,1
13,11,Treatment,5,6,0,1,0
13,11,Treatment,5,6,0,0,1
13,11,Treatment,.r,7,0,1,0
13,11,Treatment,,7,0,0,1
13,11,Treatment,7,3,0,1,0
13,11,Treatment,7,3,0,0,1
13,11,Treatment,.r,7,0,1,0
13,11,Treatment,7,7,0,0,1
13,11,Treatment,6,4,0,1,0
13,11,Treatment,7,4,0,0,1
13,11,Treatment,3,3,0,1,0
13,11,Treatment,,3,0,0,1
13,11,Treatment,5,7,0,1,0
13,11,Treatment,7,7,0,0,1
13,11,Treatment,7,2,0,1,0
13,11,Treatment,7,2,0,0,1
13,11,Treatment,7,7,0,1,0
13,11,Treatment,7,7,0,0,1
13,11,Treatment,7,7,0,1,0
13,11,Treatment,7,7,0,0,1
13,11,Treatment,7,7,0,1,0
13,11,Treatment,7,7,0,0,1
13,11,Treatment,4,7,0,1,0
13,11,Treatment,.d,7,0,0,1
15,10,Treatment,1,0,1,1,0
15,10,Treatment,1,0,1,0,1
15,10,Treatment,4,4,0,1,0
15,10,Treatment,4,4,0,0,1
15,10,Treatment,0,2,0,1,0
15,10,Treatment,,2,0,0,1
15,10,Treatment,3,2,0,1,0
15,10,Treatment,3,2,0,0,1
15,10,Treatment,7,3,0,1,0
15,10,Treatment,3,3,0,0,1
15,10,Treatment,3,5,0,1,0
15,10,Treatment,3,5,0,0,1
15,10,Treatment,,7,0,1,0
15,10,Treatment,.r,7,0,0,1
15,10,Treatment,0,0,1,1,0
15,10,Treatment,0,0,1,0,1
15,10,Treatment,7,7,0,1,0
15,10,Treatment,7,7,0,0,1
15,10,Treatment,1,0,1,1,0
15,10,Treatment,1,0,1,0,1
15,10,Treatment,.d,5,0,1,0
15,10,Treatment,3,5,0,0,1
15,10,Treatment,,5,0,1,0
15,10,Treatment,,5,0,0,1
15,10,Treatment,.r,4,0,1,0
15,10,Treatment,,4,0,0,1
15,10,Treatment,2,2,0,1,0
15,10,Treatment,2,2,0,0,1
15,10,Treatment,0,6,0,1,0
15,10,Treatment,.r,6,0,0,1
15,10,Treatment,.d,6,0,1,0
15,10,Treatment,.r,6,0,0,1
15,10,Treatment,,2,0,1,0
15,10,Treatment,5,2,0,0,1
15,10,Treatment,.d,2,0,1,0
15,10,Treatment,5,2,0,0,1
15,10,Treatment,0,0,1,1,0
15,10,Treatment,.r,0,1,0,1
15,10,Treatment,0,7,0,1,0
15,10,Treatment,4,7,0,0,1
15,10,Treatment,3,3,0,1,0
15,10,Treatment,4,3,0,0,1
15,10,Treatment,3,3,0,1,0
15,10,Treatment,5,3,0,0,1
15,10,Treatment,2,2,0,1,0
15,10,Treatment,5,2,0,0,1
15,10,Treatment,5,3,0,1,0
15,10,Treatment,.r,3,0,0,1
15,10,Treatment,2,3,0,1,0
15,10,Treatment,3,3,0,0,1
15,10,Treatment,.d,3,0,1,0
15,10,Treatment,4,3,0,0,1
15,10,Treatment,2,2,0,1,0
15,10,Treatment,1,2,0,0,1
15,10,Treatment,0,3,0,1,0
15,10,Treatment,4,3,0,0,1
15,10,Treatment,,3,0,1,0
15,10,Treatment,3,3,0,0,1
15,10,Treatment,.d,4,0,1,0
15,10,Treatment,7,4,0,0,1
15,10,Treatment,3,2,0,1,0
15,10,Treatment,,2,0,0,1
15,10,Treatment,2,3,0,1,0
15,10,Treatment,1,3,0,0,1
15,10,Treatment,7,7,0,1,0
15,10,Treatment,7,7,0,0,1
15,10,Treatment,7,6,0,1,0
15,10,Treatment,7,6,0,0,1
15,10,Treatment,0,0,1,1,0
15,10,Treatment,,0,1,0,1
15,10,Treatment,,3,0,1,0
15,10,Treatment,2,3,0,0,1
16,5,Treatment,7,7,0,1,0
16,5,Treatment,.d,7,0,0,1
16,5,Treatment,6,7,0,1,0
16,5,Treatment,7,7,0,0,1
16,5,Treatment,7,7,0,1,0
16,5,Treatment,7,7,0,0,1
16,5,Treatment,2,2,0,1,0
16,5,Treatment,2,2,0,0,1
16,5,Treatment,2,7,0,1,0
16,5,Treatment,1,7,0,0,1
16,5,Treatment,6,2,0,1,0
16,5,Treatment,2,2,0,0,1
16,5,Treatment,4,2,0,1,0
16,5,Treatment,7,2,0,0,1
16,5,Treatment,,3,0,1,0
16,5,Treatment,3,3,0,0,1
16,5,Treatment,3,3,0,1,0
16,5,Treatment,4,3,0,0,1
16,5,Treatment,7,3,0,1,0
16,5,Treatment,7,3,0,0,1
16,5,Treatment,5,7,0,1,0
16,5,Treatment,5,7,0,0,1
16,5,Treatment,4,4,0,1,0
16,5,Treatment,7,4,0,0,1
16,5,Treatment,3,0,1,1,0
16,5,Treatment,4,0,1,0,1
16,5,Treatment,,3,0,1,0
16,5,Treatment,,3,0,0,1
16,5,Treatment,4,7,0,1,0
16,5,Treatment,3,7,0,0,1
17,5,Control,.d,7,0,1,0
17,5,Control,7,7,0,0,1
17,5,Control,7,3,0,1,0
17,5,Control,.d,3,0,0,1
17,5,Control,7,3,0,1,0
17,5,Control,,3,0,0,1
17,5,Control,7,3,0,1,0
17,5,Control,2,3,0,0,1
17,5,Control,.r,3,0,1,0
17,5,Control,7,3,0,0,1
17,5,Control,7,7,0,1,0
17,5,Control,7,7,0,0,1
17,5,Control,,7,0,1,0
17,5,Control,,7,0,0,1
17,5,Control,7,3,0,1,0
17,5,Control,7,3,0,0,1
17,5,Control,4,3,0,1,0
17,5,Control,5,3,0,0,1
17,5,Control,3,3,0,1,0
17,5,Control,7,3,0,0,1
18,1,Control,7,0,1,1,0
18,1,Control,7,0,1,0,1
18,1,Control,7,7,0,1,0
18,1,Control,7,7,0,0,1
18,1,Control,,3,0,1,0
18,1,Control,7,3,0,0,1
18,1,Control,3,2,0,1,0
18,1,Control,1,2,0,0,1
18,1,Control,,3,0,1,0
18,1,Control,.r,3,0,0,1
18,1,Control,,2,0,1,0
18,1,Control,.r,2,0,0,1
18,1,Control,,3,0,1,0
18,1,Control,.r,3,0,0,1
18,1,Control,1,2,0,1,0
18,1,Control,.d,2,0,0,1
18,1,Control,,5,0,1,0
18,1,Control,.r,5,0,0,1
18,1,Control,,2,0,1,0
18,1,Control,3,2,0,0,1
18,1,Control,6,7,0,1,0
18,1,Control,5,7,0,0,1
18,1,Control,5,7,0,1,0
18,1,Control,7,7,0,0,1
18,1,Control,,7,0,1,0
18,1,Control,7,7,0,0,1
18,1,Control,5,7,0,1,0
18,1,Control,3,7,0,0,1
18,1,Control,,0,1,1,0
18,1,Control,,0,1,0,1
18,1,Control,3,4,0,1,0
18,1,Control,.r,4,0,0,1
18,1,Control,4,7,0,1,0
18,1,Control,3,7,0,0,1
18,1,Control,2,7,0,1,0
18,1,Control,1,7,0,0,1
18,1,Control,.d,3,0,1,0
18,1,Control,.r,3,0,0,1
18,1,Control,,3,0,1,0
18,1,Control,,3,0,0,1
18,1,Control,7,7,0,1,0
18,1,Control,7,7,0,0,1
19,6,Treatment,,2,0,1,0
19,6,Treatment,,2,0,0,1
19,6,Treatment,,3,0,1,0
19,6,Treatment,7,3,0,0,1
19,6,Treatment,5,3,0,1,0
19,6,Treatment,,3,0,0,1
19,6,Treatment,,5,0,1,0
19,6,Treatment,7,5,0,0,1
19,6,Treatment,.r,2,0,1,0
19,6,Treatment,.r,2,0,0,1
19,6,Treatment,7,7,0,1,0
19,6,Treatment,7,7,0,0,1
19,6,Treatment,4,6,0,1,0
19,6,Treatment,1,6,0,0,1
19,6,Treatment,4,1,0,1,0
19,6,Treatment,0,1,0,0,1
19,6,Treatment,7,7,0,1,0
19,6,Treatment,.r,7,0,0,1
19,6,Treatment,4,7,0,1,0
19,6,Treatment,,7,0,0,1
19,6,Treatment,,1,0,1,0
19,6,Treatment,1,1,0,0,1
19,6,Treatment,3,3,0,1,0
19,6,Treatment,7,3,0,0,1
19,6,Treatment,0,3,0,1,0
19,6,Treatment,4,3,0,0,1
19,6,Treatment,2,1,0,1,0
19,6,Treatment,.d,1,0,0,1
19,6,Treatment,3,3,0,1,0
19,6,Treatment,2,3,0,0,1
19,6,Treatment,,1,0,1,0
19,6,Treatment,,1,0,0,1
19,6,Treatment,4,0,1,1,0
19,6,Treatment,3,0,1,0,1
19,6,Treatment,4,3,0,1,0
19,6,Treatment,,3,0,0,1
19,6,Treatment,.r,3,0,1,0
19,6,Treatment,.r,3,0,0,1
19,6,Treatment,3,7,0,1,0
19,6,Treatment,7,7,0,0,1
19,6,Treatment,3,3,0,1,0
19,6,Treatment,3,3,0,0,1
19,6,Treatment,4,3,0,1,0
19,6,Treatment,,3,0,0,1
19,6,Treatment,.r,7,0,1,0
19,6,Treatment,.d,7,0,0,1
19,6,Treatment,3,3,0,1,0
19,6,Treatment,3,3,0,0,1
19,6,Treatment,7,3,0,1,0
19,6,Treatment,.r,3,0,0,1
19,6,Treatment,,2,0,1,0
19,6,Treatment,.d,2,0,0,1
19,6,Treatment,,7,0,1,0
19,6,Treatment,.d,7,0,0,1
20,4,Control,2,7,0,1,0
20,4,Control,7,7,0,0,1
20,4,Control,6,7,0,1,0
20,4,Control,7,7,0,0,1
20,4,Control,7,7,0,1,0
20,4,Control,7,7,0,0,1
20,4,Control,3,7,0,1,0
20,4,Control,1,7,0,0,1
20,4,Control,6,6,0,1,0
20,4,Control,6,6,0,0,1
20,4,Control,7,7,0,1,0
20,4,Control,3,7,0,0,1
20,4,Control,,2,0,1,0
20,4,Control,.r,2,0,0,1
20,4,Control,2,3,0,1,0
20,4,Control,2,3,0,0,1
20,4,Control,,7,0,1,0
20,4,Control,.r,7,0,0,1
20,4,Control,2,2,0,1,0
20,4,Control,2,2,0,0,1
20,4,Control,2,2,0,1,0
20,4,Control,,2,0,0,1
20,4,Control,6,7,0,1,0
20,4,Control,,7,0,0,1
20,4,Control,,3,0,1,0
20,4,Control,.r,3,0,0,1
20,4,Control,,7,0,1,0
20,4,Control,3,7,0,0,1
20,4,Control,7,6,0,1,0
20,4,Control,.r,6,0,0,1
20,4,Control,6,7,0,1,0
20,4,Control,7,7,0,0,1
20,4,Control,7,7,0,1,0
20,4,Control,6,7,0,0,1
20,4,Control,,3,0,1,0
20,4,Control,4,3,0,0,1
21,3,Treatment,3,2,0,1,0
21,3,Treatment,,2,0,0,1
21,3,Treatment,7,7,0,1,0
21,3,Treatment,,7,0,0,1
21,3,Treatment,,3,0,1,0
21,3,Treatment,,3,0,0,1
21,3,Treatment,7,7,0,1,0
21,3,Treatment,5,7,0,0,1
21,3,Treatment,3,2,0,1,0
21,3,Treatment,,2,0,0,1
21,3,Treatment,,7,0,1,0
21,3,Treatment,,7,0,0,1
21,3,Treatment,7,1,0,1,0
21,3,Treatment,,1,0,0,1
21,3,Treatment,5,3,0,1,0
21,3,Treatment,4,3,0,0,1
21,3,Treatment,7,7,0,1,0
21,3,Treatment,,7,0,0,1
21,3,Treatment,2,3,0,1,0
21,3,Treatment,2,3,0,0,1
21,3,Treatment,3,2,0,1,0
21,3,Treatment,,2,0,0,1
21,3,Treatment,7,7,0,1,0
21,3,Treatment,7,7,0,0,1
21,3,Treatment,2,4,0,1,0
21,3,Treatment,3,4,0,0,1
21,3,Treatment,2,2,0,1,0
21,3,Treatment,2,2,0,0,1
21,3,Treatment,7,0,1,1,0
21,3,Treatment,7,0,1,0,1
21,3,Treatment,,0,1,1,0
21,3,Treatment,,0,1,0,1
21,3,Treatment,,7,0,1,0
21,3,Treatment,,7,0,0,1
21,3,Treatment,,7,0,1,0
21,3,Treatment,,7,0,0,1
21,3,Treatment,,7,0,1,0
21,3,Treatment,,7,0,0,1
22,12,Treatment,3,6,0,1,0
22,12,Treatment,2,6,0,0,1
22,12,Treatment,3,4,0,1,0
22,12,Treatment,3,4,0,0,1
22,12,Treatment,.d,3,0,1,0
22,12,Treatment,3,3,0,0,1
22,12,Treatment,7,7,0,1,0
22,12,Treatment,,7,0,0,1
22,12,Treatment,0,0,1,1,0
22,12,Treatment,0,0,1,0,1
22,12,Treatment,3,3,0,1,0
22,12,Treatment,3,3,0,0,1
22,12,Treatment,6,7,0,1,0
22,12,Treatment,7,7,0,0,1
22,12,Treatment,.d,3,0,1,0
22,12,Treatment,,3,0,0,1
22,12,Treatment,7,7,0,1,0
22,12,Treatment,7,7,0,0,1
22,12,Treatment,.d,1,0,1,0
22,12,Treatment,2,1,0,0,1
22,12,Treatment,6,5,0,1,0
22,12,Treatment,7,5,0,0,1
22,12,Treatment,.r,3,0,1,0
22,12,Treatment,7,3,0,0,1
22,12,Treatment,2,2,0,1,0
22,12,Treatment,1,2,0,0,1
22,12,Treatment,.d,7,0,1,0
22,12,Treatment,2,7,0,0,1
22,12,Treatment,7,7,0,1,0
22,12,Treatment,7,7,0,0,1
22,12,Treatment,.r,3,0,1,0
22,12,Treatment,7,3,0,0,1
22,12,Treatment,7,7,0,1,0
22,12,Treatment,7,7,0,0,1
22,12,Treatment,.r,3,0,1,0
22,12,Treatment,.r,3,0,0,1
22,12,Treatment,3,2,0,1,0
22,12,Treatment,2,2,0,0,1
22,12,Treatment,,7,0,1,0
22,12,Treatment,,7,0,0,1
22,12,Treatment,,7,0,1,0
22,12,Treatment,,7,0,0,1
23,9,Control,7,2,0,1,0
23,9,Control,7,2,0,0,1
23,9,Control,.r,3,0,1,0
23,9,Control,.d,3,0,0,1
23,9,Control,.r,7,0,1,0
23,9,Control,7,7,0,0,1
23,9,Control,4,7,0,1,0
23,9,Control,2,7,0,0,1
23,9,Control,1,4,0,1,0
23,9,Control,4,4,0,0,1
23,9,Control,7,7,0,1,0
23,9,Control,7,7,0,0,1
23,9,Control,3,7,0,1,0
23,9,Control,3,7,0,0,1
23,9,Control,7,7,0,1,0
23,9,Control,7,7,0,0,1
23,9,Control,7,7,0,1,0
23,9,Control,7,7,0,0,1
23,9,Control,,0,1,1,0
23,9,Control,,0,1,0,1
23,9,Control,5,2,0,1,0
23,9,Control,.d,2,0,0,1
23,9,Control,,7,0,1,0
23,9,Control,.r,7,0,0,1
23,9,Control,.r,2,0,1,0
23,9,Control,.d,2,0,0,1
23,9,Control,,2,0,1,0
23,9,Control,,2,0,0,1
23,9,Control,5,7,0,1,0
23,9,Control,4,7,0,0,1
23,9,Control,,7,0,1,0
23,9,Control,7,7,0,0,1
24,12,Control,3,7,0,1,0
24,12,Control,7,7,0,0,1
24,12,Control,7,7,0,1,0
24,12,Control,,7,0,0,1
24,12,Control,5,6,0,1,0
24,12,Control,7,6,0,0,1
24,12,Control,3,3,0,1,0
24,12,Control,6,3,0,0,1
24,12,Control,7,3,0,1,0
24,12,Control,7,3,0,0,1
24,12,Control,7,3,0,1,0
24,12,Control,6,3,0,0,1
24,12,Control,7,7,0,1,0
24,12,Control,6,7,0,0,1
24,12,Control,.d,7,0,1,0
24,12,Control,6,7,0,0,1
24,12,Control,1,0,1,1,0
24,12,Control,7,0,1,0,1
24,12,Control,7,7,0,1,0
24,12,Control,7,7,0,0,1
24,12,Control,3,7,0,1,0
24,12,Control,7,7,0,0,1
24,12,Control,0,7,0,1,0
24,12,Control,.d,7,0,0,1
24,12,Control,2,3,0,1,0
24,12,Control,5,3,0,0,1
24,12,Control,7,4,0,1,0
24,12,Control,7,4,0,0,1
24,12,Control,3,7,0,1,0
24,12,Control,4,7,0,0,1
24,12,Control,7,7,0,1,0
24,12,Control,,7,0,0,1
24,12,Control,7,3,0,1,0
24,12,Control,4,3,0,0,1
25,6,Control,7,7,0,1,0
25,6,Control,7,7,0,0,1
25,6,Control,7,7,0,1,0
25,6,Control,7,7,0,0,1
25,6,Control,,3,0,1,0
25,6,Control,,3,0,0,1
25,6,Control,,3,0,1,0
25,6,Control,,3,0,0,1
25,6,Control,.r,3,0,1,0
25,6,Control,7,3,0,0,1
25,6,Control,,3,0,1,0
25,6,Control,,3,0,0,1
25,6,Control,7,7,0,1,0
25,6,Control,6,7,0,0,1
25,6,Control,,4,0,1,0
25,6,Control,,4,0,0,1
25,6,Control,4,3,0,1,0
25,6,Control,,3,0,0,1
25,6,Control,,3,0,1,0
25,6,Control,,3,0,0,1
26,9,Treatment,7,4,0,1,0
26,9,Treatment,7,4,0,0,1
26,9,Treatment,7,7,0,1,0
26,9,Treatment,5,7,0,0,1
26,9,Treatment,2,4,0,1,0
26,9,Treatment,.r,4,0,0,1
26,9,Treatment,,4,0,1,0
26,9,Treatment,7,4,0,0,1
26,9,Treatment,.d,3,0,1,0
26,9,Treatment,0,3,0,0,1
26,9,Treatment,4,4,0,1,0
26,9,Treatment,5,4,0,0,1
26,9,Treatment,7,3,0,1,0
26,9,Treatment,3,3,0,0,1
26,9,Treatment,7,6,0,1,0
26,9,Treatment,,6,0,0,1
27,19,Treatment,,7,0,1,0
27,19,Treatment,.d,7,0,0,1
27,19,Treatment,.r,2,0,1,0
27,19,Treatment,.r,2,0,0,1
27,19,Treatment,.r,7,0,1,0
27,19,Treatment,7,7,0,0,1
27,19,Treatment,7,7,0,1,0
27,19,Treatment,7,7,0,0,1
27,19,Treatment,0,7,0,1,0
27,19,Treatment,7,7,0,0,1
27,19,Treatment,1,2,0,1,0
27,19,Treatment,,2,0,0,1
27,19,Treatment,4,7,0,1,0
27,19,Treatment,7,7,0,0,1
27,19,Treatment,,7,0,1,0
27,19,Treatment,,7,0,0,1
27,19,Treatment,7,4,0,1,0
27,19,Treatment,3,4,0,0,1
27,19,Treatment,6,7,0,1,0
27,19,Treatment,3,7,0,0,1
27,19,Treatment,3,3,0,1,0
27,19,Treatment,3,3,0,0,1
27,19,Treatment,7,7,0,1,0
27,19,Treatment,7,7,0,0,1
27,19,Treatment,7,7,0,1,0
27,19,Treatment,7,7,0,0,1
27,19,Treatment,7,7,0,1,0
27,19,Treatment,,7,0,0,1
28,32,Treatment,0,3,0,1,0
28,32,Treatment,4,3,0,0,1
28,32,Treatment,7,7,0,1,0
28,32,Treatment,.d,7,0,0,1
28,32,Treatment,3,3,0,1,0
28,32,Treatment,,3,0,0,1
28,32,Treatment,2,7,0,1,0
28,32,Treatment,7,7,0,0,1
28,32,Treatment,7,7,0,1,0
28,32,Treatment,3,7,0,0,1
28,32,Treatment,,0,1,1,0
28,32,Treatment,,0,1,0,1
28,32,Treatment,7,7,0,1,0
28,32,Treatment,7,7,0,0,1
28,32,Treatment,,7,0,1,0
28,32,Treatment,7,7,0,0,1
28,32,Treatment,7,7,0,1,0
28,32,Treatment,7,7,0,0,1
28,32,Treatment,.r,3,0,1,0
28,32,Treatment,0,3,0,0,1
28,32,Treatment,4,4,0,1,0
28,32,Treatment,4,4,0,0,1
28,32,Treatment,4,3,0,1,0
28,32,Treatment,7,3,0,0,1
28,32,Treatment,0,2,0,1,0
28,32,Treatment,0,2,0,0,1
28,32,Treatment,2,3,0,1,0
28,32,Treatment,7,3,0,0,1
28,32,Treatment,3,3,0,1,0
28,32,Treatment,.d,3,0,0,1
28,32,Treatment,7,7,0,1,0
28,32,Treatment,7,7,0,0,1
28,32,Treatment,,3,0,1,0
28,32,Treatment,0,3,0,0,1
28,32,Treatment,7,6,0,1,0
28,32,Treatment,6,6,0,0,1
28,32,Treatment,3,3,0,1,0
28,32,Treatment,3,3,0,0,1
29,15,Treatment,2,2,0,1,0
29,15,Treatment,0,2,0,0,1
29,15,Treatment,0,2,0,1,0
29,15,Treatment,,2,0,0,1
29,15,Treatment,2,3,0,1,0
29,15,Treatment,.r,3,0,0,1
29,15,Treatment,7,7,0,1,0
29,15,Treatment,7,7,0,0,1
29,15,Treatment,.d,5,0,1,0
29,15,Treatment,4,5,0,0,1
29,15,Treatment,.r,3,0,1,0
29,15,Treatment,,3,0,0,1
29,15,Treatment,5,7,0,1,0
29,15,Treatment,2,7,0,0,1
29,15,Treatment,3,7,0,1,0
29,15,Treatment,7,7,0,0,1
29,15,Treatment,2,0,1,1,0
29,15,Treatment,3,0,1,0,1
29,15,Treatment,3,2,0,1,0
29,15,Treatment,.d,2,0,0,1
29,15,Treatment,7,7,0,1,0
29,15,Treatment,7,7,0,0,1
29,15,Treatment,7,7,0,1,0
29,15,Treatment,.d,7,0,0,1
29,15,Treatment,4,3,0,1,0
29,15,Treatment,.r,3,0,0,1
29,15,Treatment,7,7,0,1,0
29,15,Treatment,.r,7,0,0,1
29,15,Treatment,0,0,1,1,0
29,15,Treatment,2,0,1,0,1
29,15,Treatment,0,0,1,1,0
29,15,Treatment,0,0,1,0,1
29,15,Treatment,,7,0,1,0
29,15,Treatment,0,7,0,0,1
29,15,Treatment,7,7,0,1,0
29,15,Treatment,,7,0,0,1
29,15,Treatment,7,0,1,1,0
29,15,Treatment,.r,0,1,0,1
29,15,Treatment,,4,0,1,0
29,15,Treatment,,4,0,0,1
29,15,Treatment,7,7,0,1,0
29,15,Treatment,3,7,0,0,1
29,15,Treatment,.d,3,0,1,0
29,15,Treatment,7,3,0,0,1
29,15,Treatment,4,7,0,1,0
29,15,Treatment,,7,0,0,1
29,15,Treatment,,7,0,1,0
29,15,Treatment,,7,0,0,1
29,15,Treatment,,7,0,1,0
29,15,Treatment,,7,0,0,1
30,18,Treatment,7,7,0,1,0
30,18,Treatment,5,7,0,0,1
30,18,Treatment,.r,3,0,1,0
30,18,Treatment,.r,3,0,0,1
30,18,Treatment,7,7,0,1,0
30,18,Treatment,6,7,0,0,1
30,18,Treatment,3,3,0,1,0
30,18,Treatment,3,3,0,0,1
30,18,Treatment,3,4,0,1,0
30,18,Treatment,4,4,0,0,1
30,18,Treatment,7,7,0,1,0
30,18,Treatment,7,7,0,0,1
30,18,Treatment,7,7,0,1,0
30,18,Treatment,5,7,0,0,1
30,18,Treatment,7,6,0,1,0
30,18,Treatment,7,6,0,0,1
30,18,Treatment,7,7,0,1,0
30,18,Treatment,.r,7,0,0,1
30,18,Treatment,.r,7,0,1,0
30,18,Treatment,,7,0,0,1
30,18,Treatment,7,7,0,1,0
30,18,Treatment,6,7,0,0,1
30,18,Treatment,7,7,0,1,0
30,18,Treatment,.d,7,0,0,1
30,18,Treatment,7,7,0,1,0
30,18,Treatment,7,7,0,0,1
30,18,Treatment,6,6,0,1,0
30,18,Treatment,.r,6,0,0,1
30,18,Treatment,7,7,0,1,0
30,18,Treatment,7,7,0,0,1
30,18,Treatment,5,0,1,1,0
30,18,Treatment,4,0,1,0,1
30,18,Treatment,7,7,0,1,0
30,18,Treatment,7,7,0,0,1
30,18,Treatment,3,3,0,1,0
30,18,Treatment,.d,3,0,0,1
30,18,Treatment,,7,0,1,0
30,18,Treatment,,7,0,0,1
30,18,Treatment,4,3,0,1,0
30,18,Treatment,4,3,0,0,1
30,18,Treatment,1,1,0,1,0
30,18,Treatment,2,1,0,0,1
30,18,Treatment,7,7,0,1,0
30,18,Treatment,7,7,0,0,1
30,18,Treatment,7,4,0,1,0
30,18,Treatment,7,4,0,0,1
30,18,Treatment,,7,0,1,0
30,18,Treatment,,7,0,0,1
31,18,Control,7,7,0,1,0
31,18,Control,.r,7,0,0,1
31,18,Control,,2,0,1,0
31,18,Control,,2,0,0,1
31,18,Control,7,7,0,1,0
31,18,Control,7,7,0,0,1
31,18,Control,6,7,0,1,0
31,18,Control,7,7,0,0,1
31,18,Control,.r,3,0,1,0
31,18,Control,,3,0,0,1
31,18,Control,7,7,0,1,0
31,18,Control,.r,7,0,0,1
31,18,Control,7,7,0,1,0
31,18,Control,7,7,0,0,1
31,18,Control,.r,6,0,1,0
31,18,Control,.r,6,0,0,1
31,18,Control,,2,0,1,0
31,18,Control,7,2,0,0,1
31,18,Control,7,7,0,1,0
31,18,Control,.r,7,0,0,1
31,18,Control,7,7,0,1,0
31,18,Control,,7,0,0,1
31,18,Control,2,3,0,1,0
31,18,Control,,3,0,0,1
31,18,Control,7,6,0,1,0
31,18,Control,4,6,0,0,1
31,18,Control,7,7,0,1,0
31,18,Control,7,7,0,0,1
31,18,Control,,2,0,1,0
31,18,Control,,2,0,0,1
31,18,Control,4,3,0,1,0
31,18,Control,3,3,0,0,1
31,18,Control,,7,0,1,0
31,18,Control,,7,0,0,1
31,18,Control,,5,0,1,0
31,18,Control,,5,0,0,1
31,18,Control,5,5,0,1,0
31,18,Control,5,5,0,0,1
31,18,Control,,3,0,1,0
31,18,Control,,3,0,0,1
32,21,Treatment,7,7,0,1,0
32,21,Treatment,7,7,0,0,1
32,21,Treatment,3,3,0,1,0
32,21,Treatment,7,3,0,0,1
32,21,Treatment,.d,6,0,1,0
32,21,Treatment,7,6,0,0,1
32,21,Treatment,.r,7,0,1,0
32,21,Treatment,.r,7,0,0,1
32,21,Treatment,5,2,0,1,0
32,21,Treatment,4,2,0,0,1
32,21,Treatment,2,2,0,1,0
32,21,Treatment,1,2,0,0,1
32,21,Treatment,7,7,0,1,0
32,21,Treatment,0,7,0,0,1
32,21,Treatment,7,6,0,1,0
32,21,Treatment,7,6,0,0,1
32,21,Treatment,7,7,0,1,0
32,21,Treatment,7,7,0,0,1
32,21,Treatment,.d,6,0,1,0
32,21,Treatment,7,6,0,0,1
32,21,Treatment,7,6,0,1,0
32,21,Treatment,7,6,0,0,1
32,21,Treatment,3,7,0,1,0
32,21,Treatment,2,7,0,0,1
32,21,Treatment,1,4,0,1,0
32,21,Treatment,4,4,0,0,1
32,21,Treatment,7,7,0,1,0
32,21,Treatment,7,7,0,0,1
32,21,Treatment,7,4,0,1,0
32,21,Treatment,3,4,0,0,1
32,21,Treatment,,7,0,1,0
32,21,Treatment,,7,0,0,1
33,34,Treatment,.d,3,0,1,0
33,34,Treatment,3,3,0,0,1
33,34,Treatment,3,3,0,1,0
33,34,Treatment,2,3,0,0,1
33,34,Treatment,3,3,0,1,0
33,34,Treatment,,3,0,0,1
33,34,Treatment,1,2,0,1,0
33,34,Treatment,0,2,0,0,1
33,34,Treatment,2,0,1,1,0
33,34,Treatment,7,0,1,0,1
33,34,Treatment,7,7,0,1,0
33,34,Treatment,7,7,0,0,1
33,34,Treatment,7,7,0,1,0
33,34,Treatment,7,7,0,0,1
33,34,Treatment,7,7,0,1,0
33,34,Treatment,7,7,0,0,1
33,34,Treatment,7,3,0,1,0
33,34,Treatment,4,3,0,0,1
33,34,Treatment,3,7,0,1,0
33,34,Treatment,2,7,0,0,1
33,34,Treatment,2,0,1,1,0
33,34,Treatment,2,0,1,0,1
33,34,Treatment,6,6,0,1,0
33,34,Treatment,,6,0,0,1
33,34,Treatment,7,4,0,1,0
33,34,Treatment,7,4,0,0,1
33,34,Treatment,.d,2,0,1,0
33,34,Treatment,2,2,0,0,1
33,34,Treatment,7,7,0,1,0
33,34,Treatment,7,7,0,0,1
33,34,Treatment,3,7,0,1,0
33,34,Treatment,3,7,0,0,1
34,23,Treatment,0,2,0,1,0
34,23,Treatment,2,2,0,0,1
34,23,Treatment,3,3,0,1,0
34,23,Treatment,3,3,0,0,1
34,23,Treatment,1,2,0,1,0
34,23,Treatment,2,2,0,0,1
34,23,Treatment,4,3,0,1,0
34,23,Treatment,2,3,0,0,1
34,23,Treatment,,2,0,1,0
34,23,Treatment,2,2,0,0,1
34,23,Treatment,7,7,0,1,0
34,23,Treatment,7,7,0,0,1
34,23,Treatment,,3,0,1,0
34,23,Treatment,.r,3,0,0,1
34,23,Treatment,3,7,0,1,0
34,23,Treatment,7,7,0,0,1
34,23,Treatment,3,3,0,1,0
34,23,Treatment,0,3,0,0,1
34,23,Treatment,0,2,0,1,0
34,23,Treatment,,2,0,0,1
34,23,Treatment,2,3,0,1,0
34,23,Treatment,4,3,0,0,1
34,23,Treatment,3,6,0,1,0
34,23,Treatment,3,6,0,0,1
34,23,Treatment,7,7,0,1,0
34,23,Treatment,7,7,0,0,1
34,23,Treatment,7,7,0,1,0
34,23,Treatment,6,7,0,0,1
34,23,Treatment,6,7,0,1,0
34,23,Treatment,7,7,0,0,1
34,23,Treatment,,2,0,1,0
34,23,Treatment,,2,0,0,1
34,23,Treatment,1,2,0,1,0
34,23,Treatment,,2,0,0,1
34,23,Treatment,4,4,0,1,0
34,23,Treatment,7,4,0,0,1
36,34,Control,4,4,0,1,0
36,34,Control,4,4,0,0,1
36,34,Control,,3,0,1,0
36,34,Control,1,3,0,0,1
36,34,Control,,2,0,1,0
36,34,Control,,2,0,0,1
36,34,Control,1,0,1,1,0
36,34,Control,1,0,1,0,1
36,34,Control,7,7,0,1,0
36,34,Control,7,7,0,0,1
36,34,Control,7,7,0,1,0
36,34,Control,7,7,0,0,1
36,34,Control,7,7,0,1,0
36,34,Control,7,7,0,0,1
36,34,Control,6,4,0,1,0
36,34,Control,3,4,0,0,1
36,34,Control,1,0,1,1,0
36,34,Control,0,0,1,0,1
36,34,Control,,3,0,1,0
36,34,Control,2,3,0,0,1
36,34,Control,4,7,0,1,0
36,34,Control,4,7,0,0,1
37,27,Treatment,3,0,1,1,0
37,27,Treatment,,0,1,0,1
37,27,Treatment,,3,0,1,0
37,27,Treatment,,3,0,0,1
37,27,Treatment,7,6,0,1,0
37,27,Treatment,3,6,0,0,1
37,27,Treatment,3,3,0,1,0
37,27,Treatment,3,3,0,0,1
37,27,Treatment,7,7,0,1,0
37,27,Treatment,.d,7,0,0,1
37,27,Treatment,4,2,0,1,0
37,27,Treatment,2,2,0,0,1
37,27,Treatment,2,2,0,1,0
37,27,Treatment,3,2,0,0,1
37,27,Treatment,7,4,0,1,0
37,27,Treatment,7,4,0,0,1
37,27,Treatment,7,3,0,1,0
37,27,Treatment,.r,3,0,0,1
37,27,Treatment,7,7,0,1,0
37,27,Treatment,7,7,0,0,1
37,27,Treatment,.r,7,0,1,0
37,27,Treatment,.r,7,0,0,1
37,27,Treatment,1,3,0,1,0
37,27,Treatment,1,3,0,0,1
37,27,Treatment,1,3,0,1,0
37,27,Treatment,3,3,0,0,1
37,27,Treatment,4,0,1,1,0
37,27,Treatment,2,0,1,0,1
37,27,Treatment,7,0,1,1,0
37,27,Treatment,7,0,1,0,1
37,27,Treatment,.r,7,0,1,0
37,27,Treatment,,7,0,0,1
37,27,Treatment,,0,1,1,0
37,27,Treatment,,0,1,0,1
37,27,Treatment,3,7,0,1,0
37,27,Treatment,7,7,0,0,1
37,27,Treatment,.r,6,0,1,0
37,27,Treatment,7,6,0,0,1
38,19,Control,5,5,0,1,0
38,19,Control,5,5,0,0,1
38,19,Control,2,7,0,1,0
38,19,Control,6,7,0,0,1
38,19,Control,7,3,0,1,0
38,19,Control,,3,0,0,1
38,19,Control,3,4,0,1,0
38,19,Control,3,4,0,0,1
38,19,Control,7,7,0,1,0
38,19,Control,7,7,0,0,1
38,19,Control,7,2,0,1,0
38,19,Control,.r,2,0,0,1
38,19,Control,,7,0,1,0
38,19,Control,.d,7,0,0,1
38,19,Control,,0,1,1,0
38,19,Control,.d,0,1,0,1
38,19,Control,3,7,0,1,0
38,19,Control,5,7,0,0,1
38,19,Control,,7,0,1,0
38,19,Control,3,7,0,0,1
38,19,Control,7,6,0,1,0
38,19,Control,5,6,0,0,1
38,19,Control,.r,7,0,1,0
38,19,Control,.r,7,0,0,1
38,19,Control,5,7,0,1,0
38,19,Control,3,7,0,0,1
39,15,Control,7,7,0,1,0
39,15,Control,.d,7,0,0,1
39,15,Control,2,3,0,1,0
39,15,Control,,3,0,0,1
39,15,Control,3,0,1,1,0
39,15,Control,3,0,1,0,1
39,15,Control,,7,0,1,0
39,15,Control,7,7,0,0,1
39,15,Control,3,3,0,1,0
39,15,Control,3,3,0,0,1
39,15,Control,,4,0,1,0
39,15,Control,,4,0,0,1
39,15,Control,7,7,0,1,0
39,15,Control,.d,7,0,0,1
39,15,Control,7,4,0,1,0
39,15,Control,7,4,0,0,1
39,15,Control,3,7,0,1,0
39,15,Control,3,7,0,0,1
39,15,Control,5,3,0,1,0
39,15,Control,3,3,0,0,1
39,15,Control,7,7,0,1,0
39,15,Control,7,7,0,0,1
39,15,Control,6,7,0,1,0
39,15,Control,6,7,0,0,1
39,15,Control,,2,0,1,0
39,15,Control,,2,0,0,1
39,15,Control,7,7,0,1,0
39,15,Control,7,7,0,0,1
39,15,Control,7,7,0,1,0
39,15,Control,7,7,0,0,1
39,15,Control,4,3,0,1,0
39,15,Control,5,3,0,0,1
39,15,Control,.r,7,0,1,0
39,15,Control,.r,7,0,0,1
39,15,Control,7,7,0,1,0
39,15,Control,.d,7,0,0,1
39,15,Control,7,7,0,1,0
39,15,Control,7,7,0,0,1
39,15,Control,.r,5,0,1,0
39,15,Control,7,5,0,0,1
39,15,Control,3,3,0,1,0
39,15,Control,3,3,0,0,1
39,15,Control,3,7,0,1,0
39,15,Control,7,7,0,0,1
39,15,Control,3,2,0,1,0
39,15,Control,2,2,0,0,1
39,15,Control,7,7,0,1,0
39,15,Control,7,7,0,0,1
40,23,Control,2,2,0,1,0
40,23,Control,2,2,0,0,1
40,23,Control,,3,0,1,0
40,23,Control,,3,0,0,1
40,23,Control,.r,7,0,1,0
40,23,Control,.d,7,0,0,1
40,23,Control,1,0,1,1,0
40,23,Control,5,0,1,0,1
40,23,Control,5,7,0,1,0
40,23,Control,7,7,0,0,1
40,23,Control,.r,4,0,1,0
40,23,Control,3,4,0,0,1
40,23,Control,3,3,0,1,0
40,23,Control,3,3,0,0,1
40,23,Control,2,1,0,1,0
40,23,Control,,1,0,0,1
40,23,Control,2,2,0,1,0
40,23,Control,2,2,0,0,1
40,23,Control,3,7,0,1,0
40,23,Control,.d,7,0,0,1
40,23,Control,.r,0,1,1,0
40,23,Control,7,0,1,0,1
40,23,Control,.r,0,1,1,0
40,23,Control,7,0,1,0,1
41,24,Treatment,.d,4,0,1,0
41,24,Treatment,7,4,0,0,1
41,24,Treatment,7,7,0,1,0
41,24,Treatment,.r,7,0,0,1
41,24,Treatment,6,6,0,1,0
41,24,Treatment,.r,6,0,0,1
41,24,Treatment,6,5,0,1,0
41,24,Treatment,7,5,0,0,1
41,24,Treatment,4,4,0,1,0
41,24,Treatment,7,4,0,0,1
41,24,Treatment,0,7,0,1,0
41,24,Treatment,7,7,0,0,1
41,24,Treatment,1,3,0,1,0
41,24,Treatment,3,3,0,0,1
41,24,Treatment,,1,0,1,0
41,24,Treatment,,1,0,0,1
41,24,Treatment,,3,0,1,0
41,24,Treatment,,3,0,0,1
41,24,Treatment,7,7,0,1,0
41,24,Treatment,,7,0,0,1
41,24,Treatment,.r,3,0,1,0
41,24,Treatment,.r,3,0,0,1
42,22,Treatment,3,3,0,1,0
42,22,Treatment,4,3,0,0,1
42,22,Treatment,1,0,1,1,0
42,22,Treatment,0,0,1,0,1
42,22,Treatment,7,7,0,1,0
42,22,Treatment,,7,0,0,1
42,22,Treatment,.d,7,0,1,0
42,22,Treatment,7,7,0,0,1
42,22,Treatment,3,6,0,1,0
42,22,Treatment,.r,6,0,0,1
42,22,Treatment,2,0,1,1,0
42,22,Treatment,1,0,1,0,1
42,22,Treatment,2,2,0,1,0
42,22,Treatment,2,2,0,0,1
42,22,Treatment,2,2,0,1,0
42,22,Treatment,1,2,0,0,1
42,22,Treatment,3,2,0,1,0
42,22,Treatment,3,2,0,0,1
42,22,Treatment,7,6,0,1,0
42,22,Treatment,7,6,0,0,1
42,22,Treatment,2,3,0,1,0
42,22,Treatment,3,3,0,0,1
42,22,Treatment,.d,2,0,1,0
42,22,Treatment,6,2,0,0,1
42,22,Treatment,2,2,0,1,0
42,22,Treatment,0,2,0,0,1
42,22,Treatment,,3,0,1,0
42,22,Treatment,,3,0,0,1
42,22,Treatment,5,3,0,1,0
42,22,Treatment,7,3,0,0,1
42,22,Treatment,2,3,0,1,0
42,22,Treatment,1,3,0,0,1
42,22,Treatment,6,7,0,1,0
42,22,Treatment,5,7,0,0,1
42,22,Treatment,7,3,0,1,0
42,22,Treatment,7,3,0,0,1
43,25,Treatment,3,7,0,1,0
43,25,Treatment,2,7,0,0,1
43,25,Treatment,.d,6,0,1,0
43,25,Treatment,7,6,0,0,1
43,25,Treatment,2,0,1,1,0
43,25,Treatment,3,0,1,0,1
43,25,Treatment,7,7,0,1,0
43,25,Treatment,7,7,0,0,1
43,25,Treatment,5,5,0,1,0
43,25,Treatment,4,5,0,0,1
43,25,Treatment,,3,0,1,0
43,25,Treatment,,3,0,0,1
43,25,Treatment,7,7,0,1,0
43,25,Treatment,7,7,0,0,1
43,25,Treatment,0,0,1,1,0
43,25,Treatment,3,0,1,0,1
43,25,Treatment,7,7,0,1,0
43,25,Treatment,7,7,0,0,1
43,25,Treatment,2,2,0,1,0
43,25,Treatment,0,2,0,0,1
43,25,Treatment,4,0,1,1,0
43,25,Treatment,7,0,1,0,1
43,25,Treatment,2,3,0,1,0
43,25,Treatment,3,3,0,0,1
43,25,Treatment,7,3,0,1,0
43,25,Treatment,7,3,0,0,1
43,25,Treatment,1,0,1,1,0
43,25,Treatment,1,0,1,0,1
43,25,Treatment,4,3,0,1,0
43,25,Treatment,2,3,0,0,1
44,28,Treatment,4,1,0,1,0
44,28,Treatment,7,1,0,0,1
44,28,Treatment,.r,0,1,1,0
44,28,Treatment,.r,0,1,0,1
44,28,Treatment,,5,0,1,0
44,28,Treatment,3,5,0,0,1
44,28,Treatment,3,3,0,1,0
44,28,Treatment,3,3,0,0,1
44,28,Treatment,0,0,1,1,0
44,28,Treatment,0,0,1,0,1
44,28,Treatment,5,7,0,1,0
44,28,Treatment,.r,7,0,0,1
44,28,Treatment,7,0,1,1,0
44,28,Treatment,7,0,1,0,1
44,28,Treatment,3,3,0,1,0
44,28,Treatment,2,3,0,0,1
44,28,Treatment,.r,3,0,1,0
44,28,Treatment,,3,0,0,1
44,28,Treatment,7,7,0,1,0
44,28,Treatment,7,7,0,0,1
44,28,Treatment,.r,7,0,1,0
44,28,Treatment,,7,0,0,1
46,30,Treatment,5,7,0,1,0
46,30,Treatment,.d,7,0,0,1
46,30,Treatment,7,3,0,1,0
46,30,Treatment,3,3,0,0,1
46,30,Treatment,.r,2,0,1,0
46,30,Treatment,1,2,0,0,1
46,30,Treatment,3,4,0,1,0
46,30,Treatment,3,4,0,0,1
46,30,Treatment,,2,0,1,0
46,30,Treatment,,2,0,0,1
46,30,Treatment,2,0,1,1,0
46,30,Treatment,,0,1,0,1
46,30,Treatment,7,4,0,1,0
46,30,Treatment,7,4,0,0,1
46,30,Treatment,.d,4,0,1,0
46,30,Treatment,,4,0,0,1
46,30,Treatment,,2,0,1,0
46,30,Treatment,,2,0,0,1
46,30,Treatment,1,0,1,1,0
46,30,Treatment,0,0,1,0,1
46,30,Treatment,6,6,0,1,0
46,30,Treatment,7,6,0,0,1
46,30,Treatment,0,2,0,1,0
46,30,Treatment,0,2,0,0,1
46,30,Treatment,,2,0,1,0
46,30,Treatment,,2,0,0,1
46,30,Treatment,,2,0,1,0
46,30,Treatment,,2,0,0,1
46,30,Treatment,.d,3,0,1,0
46,30,Treatment,3,3,0,0,1
46,30,Treatment,3,2,0,1,0
46,30,Treatment,7,2,0,0,1
46,30,Treatment,2,3,0,1,0
46,30,Treatment,4,3,0,0,1
46,30,Treatment,7,5,0,1,0
46,30,Treatment,5,5,0,0,1
46,30,Treatment,7,6,0,1,0
46,30,Treatment,7,6,0,0,1
46,30,Treatment,7,7,0,1,0
46,30,Treatment,2,7,0,0,1
49,30,Control,3,0,1,1,0
49,30,Control,,0,1,0,1
49,30,Control,.r,7,0,1,0
49,30,Control,.r,7,0,0,1
49,30,Control,.r,3,0,1,0
49,30,Control,4,3,0,0,1
49,30,Control,2,0,1,1,0
49,30,Control,,0,1,0,1
49,30,Control,6,2,0,1,0
49,30,Control,1,2,0,0,1
49,30,Control,6,3,0,1,0
49,30,Control,2,3,0,0,1
49,30,Control,.r,4,0,1,0
49,30,Control,,4,0,0,1
49,30,Control,,2,0,1,0
49,30,Control,3,2,0,0,1
49,30,Control,,7,0,1,0
49,30,Control,,7,0,0,1
49,30,Control,5,7,0,1,0
49,30,Control,7,7,0,0,1
49,30,Control,6,7,0,1,0
49,30,Control,7,7,0,0,1
49,30,Control,,4,0,1,0
49,30,Control,,4,0,0,1
49,30,Control,.r,0,1,1,0
49,30,Control,,0,1,0,1
49,30,Control,,0,1,1,0
49,30,Control,,0,1,0,1
49,30,Control,4,4,0,1,0
49,30,Control,.r,4,0,0,1
49,30,Control,2,2,0,1,0
49,30,Control,2,2,0,0,1
49,30,Control,6,6,0,1,0
49,30,Control,.r,6,0,0,1
50,17,Control,5,7,0,1,0
50,17,Control,7,7,0,0,1
50,17,Control,7,0,1,1,0
50,17,Control,2,0,1,0,1
50,17,Control,7,7,0,1,0
50,17,Control,2,7,0,0,1
50,17,Control,7,7,0,1,0
50,17,Control,7,7,0,0,1
50,17,Control,.r,5,0,1,0
50,17,Control,6,5,0,0,1
50,17,Control,.r,7,0,1,0
50,17,Control,,7,0,0,1
50,17,Control,.d,4,0,1,0
50,17,Control,.d,4,0,0,1
50,17,Control,7,7,0,1,0
50,17,Control,7,7,0,0,1
50,17,Control,4,0,1,1,0
50,17,Control,5,0,1,0,1
52,26,Treatment,2,0,1,1,0
52,26,Treatment,1,0,1,0,1
52,26,Treatment,3,3,0,1,0
52,26,Treatment,.d,3,0,0,1
52,26,Treatment,5,0,1,1,0
52,26,Treatment,5,0,1,0,1
52,26,Treatment,0,0,1,1,0
52,26,Treatment,0,0,1,0,1
52,26,Treatment,.d,7,0,1,0
52,26,Treatment,.d,7,0,0,1
52,26,Treatment,,3,0,1,0
52,26,Treatment,.d,3,0,0,1
52,26,Treatment,,0,1,1,0
52,26,Treatment,6,0,1,0,1
52,26,Treatment,3,3,0,1,0
52,26,Treatment,3,3,0,0,1
52,26,Treatment,.d,3,0,1,0
52,26,Treatment,0,3,0,0,1
52,26,Treatment,0,0,1,1,0
52,26,Treatment,0,0,1,0,1
52,26,Treatment,4,3,0,1,0
52,26,Treatment,6,3,0,0,1
52,26,Treatment,.d,0,1,1,0
52,26,Treatment,.d,0,1,0,1
52,26,Treatment,,2,0,1,0
52,26,Treatment,,2,0,0,1
52,26,Treatment,3,3,0,1,0
52,26,Treatment,3,3,0,0,1
52,26,Treatment,6,7,0,1,0
52,26,Treatment,6,7,0,0,1
53,27,Control,,3,0,1,0
53,27,Control,,3,0,0,1
53,27,Control,.d,7,0,1,0
53,27,Control,4,7,0,0,1
53,27,Control,5,5,0,1,0
53,27,Control,4,5,0,0,1
53,27,Control,2,2,0,1,0
53,27,Control,5,2,0,0,1
53,27,Control,2,2,0,1,0
53,27,Control,5,2,0,0,1
53,27,Control,5,7,0,1,0
53,27,Control,7,7,0,0,1
53,27,Control,4,7,0,1,0
53,27,Control,4,7,0,0,1
53,27,Control,7,7,0,1,0
53,27,Control,7,7,0,0,1
53,27,Control,7,0,1,1,0
53,27,Control,4,0,1,0,1
53,27,Control,3,3,0,1,0
53,27,Control,6,3,0,0,1
53,27,Control,.r,5,0,1,0
53,27,Control,.r,5,0,0,1
53,27,Control,.r,7,0,1,0
53,27,Control,,7,0,0,1
53,27,Control,.r,7,0,1,0
53,27,Control,.r,7,0,0,1
53,27,Control,5,7,0,1,0
53,27,Control,5,7,0,0,1
53,27,Control,3,3,0,1,0
53,27,Control,2,3,0,0,1
53,27,Control,3,0,1,1,0
53,27,Control,,0,1,0,1
53,27,Control,4,0,1,1,0
53,27,Control,5,0,1,0,1
53,27,Control,,2,0,1,0
53,27,Control,.r,2,0,0,1
53,27,Control,.d,0,1,1,0
53,27,Control,5,0,1,0,1
53,27,Control,,3,0,1,0
53,27,Control,.r,3,0,0,1
54,28,Control,5,5,0,1,0
54,28,Control,.r,5,0,0,1
54,28,Control,5,0,1,1,0
54,28,Control,5,0,1,0,1
54,28,Control,4,2,0,1,0
54,28,Control,2,2,0,0,1
54,28,Control,4,6,0,1,0
54,28,Control,7,6,0,0,1
54,28,Control,4,4,0,1,0
54,28,Control,7,4,0,0,1
54,28,Control,3,0,1,1,0
54,28,Control,.d,0,1,0,1
54,28,Control,.r,3,0,1,0
54,28,Control,,3,0,0,1
54,28,Control,6,7,0,1,0
54,28,Control,5,7,0,0,1
54,28,Control,.r,7,0,1,0
54,28,Control,.r,7,0,0,1
54,28,Control,,7,0,1,0
54,28,Control,.r,7,0,0,1
54,28,Control,5,3,0,1,0
54,28,Control,7,3,0,0,1
54,28,Control,5,3,0,1,0
54,28,Control,6,3,0,0,1
54,28,Control,.r,7,0,1,0
54,28,Control,6,7,0,0,1
54,28,Control,5,7,0,1,0
54,28,Control,6,7,0,0,1
54,28,Control,5,2,0,1,0
54,28,Control,.r,2,0,0,1
54,28,Control,.r,2,0,1,0
54,28,Control,4,2,0,0,1
54,28,Control,3,0,1,1,0
54,28,Control,,0,1,0,1
54,28,Control,4,2,0,1,0
54,28,Control,1,2,0,0,1
54,28,Control,5,3,0,1,0
54,28,Control,3,3,0,0,1
54,28,Control,,3,0,1,0
54,28,Control,,3,0,0,1
54,28,Control,3,2,0,1,0
54,28,Control,5,2,0,0,1
54,28,Control,.r,4,0,1,0
54,28,Control,3,4,0,0,1
55,21,Control,.r,7,0,1,0
55,21,Control,7,7,0,0,1
55,21,Control,,7,0,1,0
55,21,Control,.r,7,0,0,1
55,21,Control,2,1,0,1,0
55,21,Control,7,1,0,0,1
55,21,Control,.r,4,0,1,0
55,21,Control,1,4,0,0,1
55,21,Control,7,7,0,1,0
55,21,Control,,7,0,0,1
55,21,Control,.r,4,0,1,0
55,21,Control,4,4,0,0,1
55,21,Control,3,4,0,1,0
55,21,Control,.d,4,0,0,1
55,21,Control,3,3,0,1,0
55,21,Control,2,3,0,0,1
55,21,Control,,7,0,1,0
55,21,Control,.r,7,0,0,1
55,21,Control,3,3,0,1,0
55,21,Control,,3,0,0,1
55,21,Control,7,7,0,1,0
55,21,Control,.r,7,0,0,1
55,21,Control,4,3,0,1,0
55,21,Control,3,3,0,0,1
55,21,Control,4,7,0,1,0
55,21,Control,3,7,0,0,1
55,21,Control,6,7,0,1,0
55,21,Control,2,7,0,0,1
55,21,Control,7,6,0,1,0
55,21,Control,6,6,0,0,1
55,21,Control,.d,4,0,1,0
55,21,Control,.d,4,0,0,1
55,21,Control,4,6,0,1,0
55,21,Control,5,6,0,0,1
55,21,Control,6,0,1,1,0
55,21,Control,4,0,1,0,1
55,21,Control,.d,7,0,1,0
55,21,Control,4,7,0,0,1
55,21,Control,4,7,0,1,0
55,21,Control,4,7,0,0,1
55,21,Control,.d,2,0,1,0
55,21,Control,.d,2,0,0,1
55,21,Control,,3,0,1,0
55,21,Control,,3,0,0,1
55,21,Control,.d,7,0,1,0
55,21,Control,.r,7,0,0,1
55,21,Control,4,7,0,1,0
55,21,Control,3,7,0,0,1
55,21,Control,2,2,0,1,0
55,21,Control,,2,0,0,1
55,21,Control,,0,1,1,0
55,21,Control,,0,1,0,1
56,14,Treatment,2,2,0,1,0
56,14,Treatment,4,2,0,0,1
56,14,Treatment,4,5,0,1,0
56,14,Treatment,,5,0,0,1
56,14,Treatment,2,2,0,1,0
56,14,Treatment,5,2,0,0,1
56,14,Treatment,1,0,1,1,0
56,14,Treatment,,0,1,0,1
56,14,Treatment,6,7,0,1,0
56,14,Treatment,6,7,0,0,1
56,14,Treatment,.d,3,0,1,0
56,14,Treatment,7,3,0,0,1
56,14,Treatment,3,4,0,1,0
56,14,Treatment,4,4,0,0,1
56,14,Treatment,3,5,0,1,0
56,14,Treatment,7,5,0,0,1
56,14,Treatment,7,7,0,1,0
56,14,Treatment,7,7,0,0,1
56,14,Treatment,7,6,0,1,0
56,14,Treatment,7,6,0,0,1
56,14,Treatment,2,3,0,1,0
56,14,Treatment,3,3,0,0,1
56,14,Treatment,,3,0,1,0
56,14,Treatment,,3,0,0,1
56,14,Treatment,4,3,0,1,0
56,14,Treatment,3,3,0,0,1
56,14,Treatment,7,7,0,1,0
56,14,Treatment,5,7,0,0,1
56,14,Treatment,6,6,0,1,0
56,14,Treatment,7,6,0,0,1
56,14,Treatment,,3,0,1,0
56,14,Treatment,3,3,0,0,1
56,14,Treatment,7,7,0,1,0
56,14,Treatment,7,7,0,0,1
56,14,Treatment,5,3,0,1,0
56,14,Treatment,,3,0,0,1
56,14,Treatment,4,4,0,1,0
56,14,Treatment,7,4,0,0,1
56,14,Treatment,,3,0,1,0
56,14,Treatment,7,3,0,0,1
56,14,Treatment,5,3,0,1,0
56,14,Treatment,2,3,0,0,1
56,14,Treatment,7,7,0,1,0
56,14,Treatment,7,7,0,0,1
56,14,Treatment,1,0,1,1,0
56,14,Treatment,7,0,1,0,1
56,14,Treatment,7,0,1,1,0
56,14,Treatment,3,0,1,0,1
56,14,Treatment,7,7,0,1,0
56,14,Treatment,.d,7,0,0,1
56,14,Treatment,4,7,0,1,0
56,14,Treatment,.r,7,0,0,1
57,16,Control,,3,0,1,0
57,16,Control,.r,3,0,0,1
57,16,Control,7,7,0,1,0
57,16,Control,,7,0,0,1
57,16,Control,.r,3,0,1,0
57,16,Control,.r,3,0,0,1
57,16,Control,0,0,1,1,0
57,16,Control,0,0,1,0,1
57,16,Control,5,7,0,1,0
57,16,Control,7,7,0,0,1
57,16,Control,2,3,0,1,0
57,16,Control,2,3,0,0,1
57,16,Control,2,7,0,1,0
57,16,Control,.r,7,0,0,1
57,16,Control,.d,3,0,1,0
57,16,Control,1,3,0,0,1
57,16,Control,.d,7,0,1,0
57,16,Control,7,7,0,0,1
57,16,Control,2,2,0,1,0
57,16,Control,5,2,0,0,1
57,16,Control,7,0,1,1,0
57,16,Control,.r,0,1,0,1
57,16,Control,.r,7,0,1,0
57,16,Control,4,7,0,0,1
57,16,Control,7,7,0,1,0
57,16,Control,7,7,0,0,1
57,16,Control,.d,7,0,1,0
57,16,Control,.d,7,0,0,1
57,16,Control,5,7,0,1,0
57,16,Control,.r,7,0,0,1
57,16,Control,7,0,1,1,0
57,16,Control,,0,1,0,1
57,16,Control,1,0,1,1,0
57,16,Control,,0,1,0,1
57,16,Control,3,2,0,1,0
57,16,Control,7,2,0,0,1
57,16,Control,,3,0,1,0
57,16,Control,,3,0,0,1
58,17,Treatment,.r,3,0,1,0
58,17,Treatment,4,3,0,0,1
58,17,Treatment,.d,7,0,1,0
58,17,Treatment,.r,7,0,0,1
58,17,Treatment,7,7,0,1,0
58,17,Treatment,5,7,0,0,1
58,17,Treatment,7,7,0,1,0
58,17,Treatment,5,7,0,0,1
58,17,Treatment,3,2,0,1,0
58,17,Treatment,3,2,0,0,1
58,17,Treatment,2,0,1,1,0
58,17,Treatment,0,0,1,0,1
58,17,Treatment,6,6,0,1,0
58,17,Treatment,5,6,0,0,1
58,17,Treatment,3,3,0,1,0
58,17,Treatment,,3,0,0,1
58,17,Treatment,3,3,0,1,0
58,17,Treatment,7,3,0,0,1
58,17,Treatment,.r,3,0,1,0
58,17,Treatment,.d,3,0,0,1
58,17,Treatment,7,0,1,1,0
58,17,Treatment,4,0,1,0,1
58,17,Treatment,7,7,0,1,0
58,17,Treatment,.r,7,0,0,1
58,17,Treatment,7,5,0,1,0
58,17,Treatment,7,5,0,0,1
58,17,Treatment,7,6,0,1,0
58,17,Treatment,,6,0,0,1
59,14,Control,3,3,0,1,0
59,14,Control,3,3,0,0,1
59,14,Control,.d,7,0,1,0
59,14,Control,.d,7,0,0,1
59,14,Control,3,0,1,1,0
59,14,Control,3,0,1,0,1
59,14,Control,4,4,0,1,0
59,14,Control,4,4,0,0,1
59,14,Control,7,4,0,1,0
59,14,Control,3,4,0,0,1
59,14,Control,2,7,0,1,0
59,14,Control,4,7,0,0,1
59,14,Control,7,0,1,1,0
59,14,Control,7,0,1,0,1
59,14,Control,2,3,0,1,0
59,14,Control,3,3,0,0,1
59,14,Control,0,0,1,1,0
59,14,Control,,0,1,0,1
59,14,Control,7,3,0,1,0
59,14,Control,.d,3,0,0,1
59,14,Control,4,3,0,1,0
59,14,Control,3,3,0,0,1
59,14,Control,,3,0,1,0
59,14,Control,,3,0,0,1
59,14,Control,2,7,0,1,0
59,14,Control,7,7,0,0,1
59,14,Control,2,3,0,1,0
59,14,Control,3,3,0,0,1
59,14,Control,2,3,0,1,0
59,14,Control,3,3,0,0,1
59,14,Control,4,2,0,1,0
59,14,Control,2,2,0,0,1
59,14,Control,3,3,0,1,0
59,14,Control,3,3,0,0,1
59,14,Control,7,2,0,1,0
59,14,Control,,2,0,0,1
59,14,Control,,7,0,1,0
59,14,Control,,7,0,0,1
60,34,Control,7,7,0,1,0
60,34,Control,4,7,0,0,1
60,34,Control,2,4,0,1,0
60,34,Control,4,4,0,0,1
60,34,Control,7,7,0,1,0
60,34,Control,7,7,0,0,1
60,34,Control,,3,0,1,0
60,34,Control,,3,0,0,1
60,34,Control,2,3,0,1,0
60,34,Control,2,3,0,0,1
60,34,Control,7,7,0,1,0
60,34,Control,7,7,0,0,1
61,24,Control,2,2,0,1,0
61,24,Control,2,2,0,0,1
61,24,Control,.d,3,0,1,0
61,24,Control,.r,3,0,0,1
61,24,Control,2,3,0,1,0
61,24,Control,,3,0,0,1
61,24,Control,3,2,0,1,0
61,24,Control,3,2,0,0,1
61,24,Control,.d,2,0,1,0
61,24,Control,,2,0,0,1
61,24,Control,4,7,0,1,0
61,24,Control,,7,0,0,1
61,24,Control,.d,7,0,1,0
61,24,Control,7,7,0,0,1
61,24,Control,,7,0,1,0
61,24,Control,,7,0,0,1
61,24,Control,,7,0,1,0
61,24,Control,7,7,0,0,1
61,24,Control,3,3,0,1,0
61,24,Control,4,3,0,0,1
61,24,Control,3,3,0,1,0
61,24,Control,3,3,0,0,1
61,24,Control,3,3,0,1,0
61,24,Control,3,3,0,0,1
61,24,Control,4,7,0,1,0
61,24,Control,,7,0,0,1
61,24,Control,5,2,0,1,0
61,24,Control,3,2,0,0,1
61,24,Control,4,2,0,1,0
61,24,Control,.r,2,0,0,1
61,24,Control,.r,0,1,1,0
61,24,Control,,0,1,0,1
61,24,Control,.d,7,0,1,0
61,24,Control,5,7,0,0,1
61,24,Control,4,0,1,1,0
61,24,Control,2,0,1,0,1
61,24,Control,7,7,0,1,0
61,24,Control,,7,0,0,1
62,32,Control,7,7,0,1,0
62,32,Control,.r,7,0,0,1
62,32,Control,3,7,0,1,0
62,32,Control,7,7,0,0,1
62,32,Control,4,2,0,1,0
62,32,Control,2,2,0,0,1
62,32,Control,,4,0,1,0
62,32,Control,7,4,0,0,1
62,32,Control,4,7,0,1,0
62,32,Control,,7,0,0,1
62,32,Control,.r,2,0,1,0
62,32,Control,,2,0,0,1
62,32,Control,.r,7,0,1,0
62,32,Control,6,7,0,0,1
62,32,Control,7,7,0,1,0
62,32,Control,7,7,0,0,1
62,32,Control,7,4,0,1,0
62,32,Control,3,4,0,0,1
62,32,Control,0,0,1,1,0
62,32,Control,0,0,1,0,1
62,32,Control,7,7,0,1,0
62,32,Control,,7,0,0,1
62,32,Control,,0,1,1,0
62,32,Control,0,0,1,0,1
62,32,Control,7,3,0,1,0
62,32,Control,,3,0,0,1
62,32,Control,,7,0,1,0
62,32,Control,.r,7,0,0,1
62,32,Control,,2,0,1,0
62,32,Control,2,2,0,0,1
62,32,Control,3,3,0,1,0
62,32,Control,,3,0,0,1
62,32,Control,2,3,0,1,0
62,32,Control,,3,0,0,1
62,32,Control,7,3,0,1,0
62,32,Control,.r,3,0,0,1
62,32,Control,2,2,0,1,0
62,32,Control,0,2,0,0,1
63,26,Control,3,4,0,1,0
63,26,Control,3,4,0,0,1
63,26,Control,3,3,0,1,0
63,26,Control,2,3,0,0,1
63,26,Control,,7,0,1,0
63,26,Control,7,7,0,0,1
63,26,Control,7,7,0,1,0
63,26,Control,5,7,0,0,1
63,26,Control,,7,0,1,0
63,26,Control,,7,0,0,1
63,26,Control,.r,0,1,1,0
63,26,Control,.r,0,1,0,1
63,26,Control,.d,2,0,1,0
63,26,Control,3,2,0,0,1
63,26,Control,,7,0,1,0
63,26,Control,,7,0,0,1
63,26,Control,.d,6,0,1,0
63,26,Control,.r,6,0,0,1
63,26,Control,3,0,1,1,0
63,26,Control,4,0,1,0,1
63,26,Control,2,3,0,1,0
63,26,Control,2,3,0,0,1
63,26,Control,3,3,0,1,0
63,26,Control,3,3,0,0,1
63,26,Control,7,7,0,1,0
63,26,Control,7,7,0,0,1
63,26,Control,1,3,0,1,0
63,26,Control,5,3,0,0,1
63,26,Control,3,3,0,1,0
63,26,Control,,3,0,0,1
63,26,Control,.d,7,0,1,0
63,26,Control,7,7,0,0,1
63,26,Control,7,7,0,1,0
63,26,Control,7,7,0,0,1
63,26,Control,1,0,1,1,0
63,26,Control,,0,1,0,1
63,26,Control,3,3,0,1,0
63,26,Control,7,3,0,0,1
64,25,Control,7,7,0,1,0
64,25,Control,6,7,0,0,1
64,25,Control,2,3,0,1,0
64,25,Control,3,3,0,0,1
64,25,Control,0,0,1,1,0
64,25,Control,0,0,1,0,1
64,25,Control,2,2,0,1,0
64,25,Control,2,2,0,0,1
64,25,Control,7,7,0,1,0
64,25,Control,7,7,0,0,1
64,25,Control,7,7,0,1,0
64,25,Control,.r,7,0,0,1
64,25,Control,5,7,0,1,0
64,25,Control,3,7,0,0,1
64,25,Control,4,2,0,1,0
64,25,Control,5,2,0,0,1
64,25,Control,,0,1,1,0
64,25,Control,.r,0,1,0,1
64,25,Control,.r,3,0,1,0
64,25,Control,.r,3,0,0,1
64,25,Control,.r,7,0,1,0
64,25,Control,5,7,0,0,1
64,25,Control,.r,4,0,1,0
64,25,Control,,4,0,0,1
64,25,Control,3,3,0,1,0
64,25,Control,3,3,0,0,1
64,25,Control,4,1,0,1,0
64,25,Control,2,1,0,0,1
64,25,Control,1,0,1,1,0
64,25,Control,0,0,1,0,1
64,25,Control,.d,3,0,1,0
64,25,Control,4,3,0,0,1
64,25,Control,,0,1,1,0
64,25,Control,,0,1,0,1
64,25,Control,5,6,0,1,0
64,25,Control,4,6,0,0,1
65,20,Control,.r,7,0,1,0
65,20,Control,.r,7,0,0,1
65,20,Control,7,7,0,1,0
65,20,Control,7,7,0,0,1
65,20,Control,7,0,1,1,0
65,20,Control,.d,0,1,0,1
65,20,Control,7,7,0,1,0
65,20,Control,7,7,0,0,1
65,20,Control,.d,3,0,1,0
65,20,Control,.d,3,0,0,1
65,20,Control,3,7,0,1,0
65,20,Control,6,7,0,0,1
65,20,Control,.d,7,0,1,0
65,20,Control,7,7,0,0,1
65,20,Control,7,6,0,1,0
65,20,Control,4,6,0,0,1
65,20,Control,1,1,0,1,0
65,20,Control,,1,0,0,1
65,20,Control,4,3,0,1,0
65,20,Control,,3,0,0,1
67,33,Treatment,5,2,0,1,0
67,33,Treatment,2,2,0,0,1
67,33,Treatment,5,2,0,1,0
67,33,Treatment,2,2,0,0,1
67,33,Treatment,7,7,0,1,0
67,33,Treatment,7,7,0,0,1
67,33,Treatment,,2,0,1,0
67,33,Treatment,,2,0,0,1
67,33,Treatment,2,2,0,1,0
67,33,Treatment,3,2,0,0,1
67,33,Treatment,.r,0,1,1,0
67,33,Treatment,.r,0,1,0,1
67,33,Treatment,7,7,0,1,0
67,33,Treatment,7,7,0,0,1
67,33,Treatment,7,0,1,1,0
67,33,Treatment,1,0,1,0,1
67,33,Treatment,2,2,0,1,0
67,33,Treatment,,2,0,0,1
67,33,Treatment,7,3,0,1,0
67,33,Treatment,,3,0,0,1
67,33,Treatment,7,3,0,1,0
67,33,Treatment,7,3,0,0,1
67,33,Treatment,,7,0,1,0
67,33,Treatment,7,7,0,0,1
67,33,Treatment,6,6,0,1,0
67,33,Treatment,7,6,0,0,1
67,33,Treatment,6,0,1,1,0
67,33,Treatment,1,0,1,0,1
67,33,Treatment,2,2,0,1,0
67,33,Treatment,3,2,0,0,1
67,33,Treatment,5,4,0,1,0
67,33,Treatment,3,4,0,0,1
67,33,Treatment,2,0,1,1,0
67,33,Treatment,1,0,1,0,1
67,33,Treatment,6,2,0,1,0
67,33,Treatment,3,2,0,0,1
67,33,Treatment,5,4,0,1,0
67,33,Treatment,4,4,0,0,1
69,16,Treatment,2,3,0,1,0
69,16,Treatment,2,3,0,0,1
69,16,Treatment,7,4,0,1,0
69,16,Treatment,7,4,0,0,1
69,16,Treatment,1,2,0,1,0
69,16,Treatment,.d,2,0,0,1
69,16,Treatment,0,0,1,1,0
69,16,Treatment,0,0,1,0,1
69,16,Treatment,3,0,1,1,0
69,16,Treatment,4,0,1,0,1
69,16,Treatment,7,7,0,1,0
69,16,Treatment,7,7,0,0,1
69,16,Treatment,5,7,0,1,0
69,16,Treatment,.r,7,0,0,1
69,16,Treatment,7,7,0,1,0
69,16,Treatment,6,7,0,0,1
69,16,Treatment,4,0,1,1,0
69,16,Treatment,.r,0,1,0,1
69,16,Treatment,7,7,0,1,0
69,16,Treatment,7,7,0,0,1
69,16,Treatment,,7,0,1,0
69,16,Treatment,7,7,0,0,1
69,16,Treatment,.r,2,0,1,0
69,16,Treatment,,2,0,0,1
69,16,Treatment,3,7,0,1,0
69,16,Treatment,5,7,0,0,1
69,16,Treatment,,0,1,1,0
69,16,Treatment,,0,1,0,1
69,16,Treatment,7,7,0,1,0
69,16,Treatment,2,7,0,0,1
69,16,Treatment,5,6,0,1,0
69,16,Treatment,7,6,0,0,1
69,16,Treatment,.d,6,0,1,0
69,16,Treatment,.r,6,0,0,1
69,16,Treatment,2,7,0,1,0
69,16,Treatment,7,7,0,0,1
69,16,Treatment,,3,0,1,0
69,16,Treatment,.r,3,0,0,1
69,16,Treatment,.r,7,0,1,0
69,16,Treatment,.r,7,0,0,1
69,16,Treatment,2,2,0,1,0
69,16,Treatment,,2,0,0,1
69,16,Treatment,7,7,0,1,0
69,16,Treatment,6,7,0,0,1
71,33,Treatment,.r,3,0,1,0
71,33,Treatment,.d,3,0,0,1
71,33,Treatment,4,3,0,1,0
71,33,Treatment,5,3,0,0,1
71,33,Treatment,6,3,0,1,0
71,33,Treatment,,3,0,0,1
71,33,Treatment,0,0,1,1,0
71,33,Treatment,0,0,1,0,1
71,33,Treatment,3,7,0,1,0
71,33,Treatment,7,7,0,0,1
71,33,Treatment,4,3,0,1,0
71,33,Treatment,7,3,0,0,1
71,33,Treatment,7,7,0,1,0
71,33,Treatment,7,7,0,0,1
71,33,Treatment,2,3,0,1,0
71,33,Treatment,3,3,0,0,1
71,33,Treatment,5,4,0,1,0
71,33,Treatment,.d,4,0,0,1
71,33,Treatment,.r,0,1,1,0
71,33,Treatment,,0,1,0,1
71,33,Treatment,5,2,0,1,0
71,33,Treatment,0,2,0,0,1
71,33,Treatment,5,3,0,1,0
71,33,Treatment,3,3,0,0,1
71,33,Treatment,3,0,1,1,0
71,33,Treatment,0,0,1,0,1
71,33,Treatment,6,4,0,1,0
71,33,Treatment,7,4,0,0,1
71,33,Treatment,4,2,0,1,0
71,33,Treatment,1,2,0,0,1
71,33,Treatment,,2,0,1,0
71,33,Treatment,,2,0,0,1
71,33,Treatment,6,2,0,1,0
71,33,Treatment,3,2,0,0,1
71,33,Treatment,.r,7,0,1,0
71,33,Treatment,,7,0,0,1
71,33,Treatment,4,4,0,1,0
71,33,Treatment,,4,0,0,1
71,33,Treatment,4,2,0,1,0
71,33,Treatment,2,2,0,0,1
71,33,Treatment,0,0,1,1,0
71,33,Treatment,0,0,1,0,1
71,33,Treatment,.r,0,1,1,0
71,33,Treatment,,0,1,0,1
72,20,Treatment,.r,4,0,1,0
72,20,Treatment,5,4,0,0,1
72,20,Treatment,1,2,0,1,0
72,20,Treatment,2,2,0,0,1
72,20,Treatment,.r,7,0,1,0
72,20,Treatment,.r,7,0,0,1
72,20,Treatment,5,4,0,1,0
72,20,Treatment,4,4,0,0,1
72,20,Treatment,3,5,0,1,0
72,20,Treatment,.d,5,0,0,1
72,20,Treatment,.d,7,0,1,0
72,20,Treatment,6,7,0,0,1
72,20,Treatment,2,0,1,1,0
72,20,Treatment,5,0,1,0,1
72,20,Treatment,7,6,0,1,0
72,20,Treatment,3,6,0,0,1
72,20,Treatment,1,3,0,1,0
72,20,Treatment,5,3,0,0,1
72,20,Treatment,2,1,0,1,0
72,20,Treatment,6,1,0,0,1
73,22,Control,7,7,0,1,0
73,22,Control,7,7,0,0,1
73,22,Control,7,0,1,1,0
73,22,Control,7,0,1,0,1
73,22,Control,7,7,0,1,0
73,22,Control,7,7,0,0,1
73,22,Control,3,2,0,1,0
73,22,Control,.d,2,0,0,1
73,22,Control,.r,7,0,1,0
73,22,Control,7,7,0,0,1
73,22,Control,5,4,0,1,0
73,22,Control,4,4,0,0,1
73,22,Control,4,3,0,1,0
73,22,Control,.d,3,0,0,1
73,22,Control,3,4,0,1,0
73,22,Control,3,4,0,0,1
73,22,Control,,3,0,1,0
73,22,Control,,3,0,0,1
73,22,Control,1,3,0,1,0
73,22,Control,0,3,0,0,1
73,22,Control,7,7,0,1,0
73,22,Control,,7,0,0,1
